district,latitude,longitude,Charc,year
Mpongwe,-13.3409,28.3409,1,2016
Solwezi,-12.32889,25.833849,0,2016
Mufumbwe,-13.06003,25.3593,0,2016
Masaiti,-13.38757,28.69437,1,2016
Choma,-17.19713,27.09465,0,2016
Mbala,-9.57738,31.19507,0,2016
Mumbwa,-14.51234,26.95154,0,2016
Solwezi,-12.3208,25.8756,0,2016
Choma,-16.54721,26.95841,1,2016
Mungwi,-10.31784,32.25326,0,2016
Lundazi,-12.4076,33.3326,0,2016
Mungwi,-10.63736,32.153094,1,2016
Petauke,-14.01843,31.46972,0,2016
Lundazi,-12.16944,33.04229,0,2016
Namwala,-16.02747,26.93142,0,2016
Mkushi ,-13.96311,29.42906,1,2016
Choma,-16.71923,26.86181,0,2016
Mpongwe,-13.38415,28.43787,0,2016
Petauke,-14.38437,31.21531,1,2016
Mungwi,-10.6103,32.1843,0,2016
Mkushi ,-13.96066,29.42306,0,2016
Mumbwa,-15.06095,26.74691,0,2016
Masaiti,-13.46,28.6751,1,2016
Namwala,-15.7104812,26.7129747,0,2016
Lundazi,-12.4194,33.32689,0,2016
Lundazi,-12.40159,33.32661,0,2016
Choma,-16.92544,27.01587,0,2016
Mkushi ,-13.728,29.044,1,2016
Mkushi ,-13.56519,28.90073,1,2016
Choma,-16.71848,26.85988,0,2016
Petauke,-14.10044,31.181355,0,2016
Mkushi ,-13.9177,29.4154,0,2016
Solwezi,-12.53854,26.16093,0,2016
Masaiti,-13.67666,28.66562,1,2016
Namwala,-16.2508,26.7014,0,2016
Mumbwa,-15.0729,26.75597,1,2016
Lundazi,-12.68833,32.87744,0,2016
Masaiti,-13.69327,28.65871,0,2016
Masaiti,-13.6706,28.6561,1,2016
Masaiti,-13.23458,28.66743,1,2016
Lundazi,-11.9757,32.2009,0,2016
Solwezi,-12.2329,26.75058,0,2016
Mufumbwe,-13.3629,24.8679,0,2016
Namwala,-16.23173,26.67156,0,2016
Mpongwe,-13.3348,28.3747,1,2016
Mpongwe,-13.45,27.9342,0,2016
Mumbwa,-15.21329,27.34827,0,2016
Mpongwe,-13.4476,27.93608,0,2016
Petauke,-14.19581,31.19519,0,2016
Choma,-16.76493,27.30583,0,2016
Mbala,-9.553900000000001,31.1991,0,2016
Lundazi,-12.68809,32.87859,0,2016
Lundazi,-12.676,32.8392,1,2016
Solwezi,-12.53869,26.15961,0,2016
Petauke,-14.21053,31.20853,0,2016
Masaiti,-13.38877,28.6861,0,2016
Namwala,-16.02854,26.92931,0,2016
Choma,-16.8427,26.80836,0,2016
Petauke,-14.38508,31.21652,0,2016
Mufumbwe,-13.23404,24.7526,0,2016
Masaiti,-13.67697,28.66556,1,2016
Mungwi,-10.3062,32.2718,0,2016
Mufumbwe,-13.30998,24.80982,0,2016
Namwala,-15.73294,26.74239,0,2016
Mbala,-9.542,31.2167,0,2016
Mumbwa,-15.20703,27.35975,0,2016
Choma,-16.74701,26.95733,0,2016
Mpongwe,-13.6323,27.8342,0,2016
Lundazi,-12.68799,32.87579,0,2016
Mumbwa,-14.55238,26.9194208,0,2016
Masaiti,-13.54432,28.63968,1,2016
Masaiti,-13.69333,28.65826,1,2016
Mpongwe,-13.4488,27.93462,0,2016
Mumbwa,-14.51124,26.94834,0,2016
Solwezi,-12.20245,26.77474,0,2016
Namwala,-16.2561,26.7017,0,2016
Choma,-16.87704,27.2686,0,2016
Choma,-17.1554,27.1354,0,2016
Mbala,-9.542,31.2161,1,2016
Namwala,-16.04967,26.98748,0,2016
Mufumbwe,-13.46938,25.00177,0,2016
Petauke,-14.03425,31.48091,0,2016
Masaiti,-13.25941,28.70198,0,2016
Petauke,-14.21697,31.21708,0,2016
Petauke,-14.47558,31.31172,0,2016
Mufumbwe,-13.22559,24.75243,0,2016
Mkushi ,-13.519,28.9415,1,2016
Lundazi,-12.40123,33.32598,0,2016
Mkushi ,-13.9503,29.4025,0,2016
Choma,-16.91362,27.1037235,1,2016
Choma,-16.752,26.94189,0,2016
Mumbwa,-15.3997,27.07479,0,2016
Mkushi ,-13.5398,28.8986,1,2016
Masaiti,-13.22136,28.6778,0,2016
Mbala,-9.554040000000001,31.19979,1,2016
Mkushi ,-13.9891,29.4451,1,2016
Lundazi,-12.1486,33.0326,0,2016
Mufumbwe,-13.36996,24.85524,0,2016
Mkushi ,-13.52473,28.93653,1,2016
Choma,-16.76998,27.30633,0,2016
Choma,-16.65588,26.85497,0,2016
Choma,-16.732644,26.951124,0,2016
Mufumbwe,-13.4698,25.0038,0,2016
Petauke,-14.4879,31.3083,0,2016
Mufumbwe,-13.0585,25.3608,0,2016
Choma,-17.20625,27.11265,0,2016
Lundazi,-11.9759,33.2036,0,2016
Mufumbwe,-13.46438,25.00125,0,2016
Petauke,-14.0047,31.4592,0,2016
Choma,-16.77022,27.30639,0,2016
Mufumbwe,-12.17653,26.44296,0,2016
Choma,-16.878095,26.789138,0,2016
Mpongwe,-13.3402,28.3861,1,2016
Petauke,-14.33783,31.1735,0,2016
Petauke,-14.09843,31.17768,0,2016
Mungwi,-10.31923,32.25194,0,2016
Mufumbwe,-13.05608,25.36927,0,2016
Masaiti,-13.3863,28.7215,0,2016
Choma,-17.1534,27.1453,0,2016
Choma,-16.73203,26.95121,0,2016
Namwala,-15.06006,26.73611,0,2016
Namwala,-16.05652,26.968993,0,2016
Choma,-16.39352,26.77101,0,2016
Mungwi,-10.07696,32.3194,0,2016
Mbala,-8.9998,31.677069,0,2016
Solwezi,-12.32154,25.87713,1,2016
Lundazi,-11.5833,33.1216,0,2016
Solwezi,-12.1976,26.77639,0,2016
Mungwi,-10.64152,31.94616,0,2016
Mbala,-8.99733,31.67956,0,2016
Mungwi,-10.07602,32.31901,0,2016
Choma,-16.74957,27.29597,0,2016
Petauke,-14.47621,31.31276,0,2016
Namwala,-16.04805,26.98395,0,2016
Choma,-16.19191,26.191919,0,2016
Lundazi,-12.4176,33.336,0,2016
Mbala,-9.024900000000001,31.6703,1,2016
Mbala,-9.023899999999999,31.6687,0,2016
Masaiti,-13.25361,28.68936,1,2016
Choma,-17.19614,27.09479,0,2016
Mbala,-9.0191,31.6657,0,2016
Mbala,-9.0273,31.6712,0,2016
Choma,-16.42045,26.7978,0,2016
Namwala,-16.141527,26.405126,0,2016
Mpongwe,-13.59062,27.82575,0,2016
Petauke,-14.0089,31.46385,0,2016
Petauke,-14.0919,31.1805,1,2016
Mbala,-9.026,31.6725,0,2016
Mbala,-9.02131,31.65644,0,2016
Solwezi,-12.10997,25.50656,0,2016
Mungwi,-10.63563,32.15317,1,2016
Lundazi,-12.7076,32.8564,0,2016
Mufumbwe,-13.2018056,24.7900985,0,2016
Mpongwe,-13.45447,27.92882,0,2016
Choma,-16.92519,26.01562,1,2016
Mungwi,-10.63645,32.15267,0,2016
Mumbwa,-15.21451,27.34453,0,2016
Mufumbwe,-13.46902,25.00035,0,2016
Mbala,-9.35854,31.23443,0,2016
Mufumbwe,-13.05593,25.38006,0,2016
Choma,-16.73218,26.95127,1,2016
Mumbwa,-15.0696,26.7441,0,2016
Mumbwa,-15.0676,26.7453,0,2016
Solwezi,-12.20171,26.77511,0,2016
Mumbwa,-15.1855588,27.3305758,0,2016
Mufumbwe,-13.21001,24.76668,0,2016
Lundazi,-11.95242,33.16022,0,2016
Mpongwe,-13.37733,28.4166,1,2016
Mungwi,-10.0821,32.3137,1,2016
Lundazi,-12.67517,32.83897,0,2016
Lundazi,-12.1491,33.0342,0,2016
Choma,-16.4796,26.93069,0,2016
Petauke,-13.96355,31.44557,0,2016
Namwala,-16.06145,26.93421,0,2016
Namwala,-15.7114168,26.713404,0,2016
Lundazi,-11.97597,33.20362,0,2016
Mpongwe,-13.4545,27.9294,0,2016
Mungwi,-10.0969,32.28642,0,2016
Mkushi ,-13.9954,29.4484,1,2016
Choma,-16.985395,27.065605,0,2016
Choma,-16.96942,27.0864,1,2016
Choma,-16.91362,27.103725,0,2016
Lundazi,-12.67538,32.83943,0,2016
Mpongwe,-13.45021,27.92275,0,2016
Mpongwe,-13.3742,28.41548,0,2016
Solwezi,-12.32617,25.88561,1,2016
Mkushi ,-13.52397,28.93685,0,2016
Mbala,-9.357419999999999,31.23403,0,2016
Masaiti,-13.55097,28.67172,1,2016
Mbala,-9.0228,31.6656,0,2016
Choma,-16.73218,26.95127,0,2016
Mbala,-9.3629,31.23747,0,2016
Mkushi ,-13.5856,29.5779,0,2016
Namwala,-16.04719,26.98823,0,2016
Mkushi ,-13.7289,29.0477,1,2016
Choma,-16.73847,27.23147,0,2016
Choma,-16.54804,26.95855,0,2016
Solwezi,-12.32469,25.87829,0,2016
Namwala,-16.41476,26.77854,0,2016
Choma,-16.67428,26.8621,0,2016
Namwala,-16.03142,26.92835,0,2016
Choma,-17.16401,27.11868,0,2016
Mungwi,-10.32157,32.2422,0,2016
Mbala,-9.561500000000001,31.1958,1,2016
Choma,-16.479585,26.934886,0,2016
Mpongwe,-13.33227,28.37071,0,2016
Mumbwa,-15.4011,27.0841,0,2016
Masaiti,-13.38506,28.72456,0,2016
Mungwi,-10.0982,32.29116,0,2016
Mufumbwe,-13.06146,25.35714,0,2016
Choma,-16.44765,26.7686,0,2016
Choma,-16.92534,27.01608,1,2016
Choma,-16.47964,26.934932,0,2016
Mungwi,-10.3126,32.2628,0,2016
Lundazi,-11.58276,33.12152,0,2016
Choma,-16.94459,27.099,1,2016
Mkushi ,-13.59424,29.5776,0,2016
Namwala,-15.921,26.5271,1,2016
Mpongwe,-13.3483,28.39241,0,2016
Masaiti,-13.69252,28.658017,0,2016
Masaiti,-13.3829,28.6588,1,2016
Mungwi,-10.31912,32.25226,0,2016
Mufumbwe,-13.363028,24.86747,0,2016
Mkushi ,-13.7269,29.0616,0,2016
Petauke,-14.47381,31.31068,0,2016
Choma,-16.750241,26.950421,0,2016
Mumbwa,-15.4074,27.0827,0,2016
Choma,-16.76998,27.30633,0,2016
Petauke,-14.19089,31.19097,0,2016
Mumbwa,-14.52269,29.91518,0,2016
Namwala,-16.053166,26.968148,0,2016
Mumbwa,-15.39974,27.075791,0,2016
Mungwi,-10.6122,32.1833,0,2016
Namwala,-16.2487,26.6913,0,2016
Mkushi ,-13.59402,29.57667,0,2016
Mpongwe,-13.60664,27.82863,0,2016
Lundazi,-11.5832,33.1215,0,2016
Mungwi,-10.3213,32.2428,0,2016
Mungwi,-10.645,31.9464,0,2016
Masaiti,-13.23555,28.66577,1,2016
Mungwi,-10.30733,32.26862,0,2016
Petauke,-14.21267,31.22072,1,2016
Choma,-16.44888,26.77073,0,2016
Lundazi,-12.1715,33.0435,0,2016
Namwala,-16.03799,26.93335,0,2016
Lundazi,-11.9527,33.1617,0,2016
Petauke,-14.35646,31.16202,0,2016
Mufumbwe,-13.19875,24.7747,0,2016
Lundazi,-12.68706,32.87616,0,2016
Choma,-16.41917,26.77928,0,2016
Masaiti,-13.255,28.6797,0,2016
Mkushi ,-13.59201,29.57858,0,2016
Choma,-16.9219,27.2602,0,2016
Mkushi ,-13.527626,28.9252442,0,2016
Choma,-16.815472,26.833017,0,2016
Masaiti,-13.47387,28.67726,1,2016
Mufumbwe,-13.30901,24.80878,0,2016
Mumbwa,-15.4004,27.0832,0,2016
Petauke,-14.0335,31.4816,1,2016
Mkushi ,-13.5198,28.9502,1,2016
Masaiti,-13.22249,28.67334,1,2016
Choma,-17.2049,27.11022,0,2016
Mbala,-8.822800000000001,31.52643,0,2016
Masaiti,-13.67885,28.6627,0,2016
Mpongwe,-13.57798,27.84285,1,2016
Mkushi ,-13.59162,29.58432,0,2016
Mbala,-9.5413,31.2114,0,2016
Mbala,-8.810600000000001,31.5377,0,2016
Mbala,-8.8108,31.5384,0,2016
Choma,-16.38933,26.77287,0,2016
Lundazi,-12.15425,33.02855,0,2016
Masaiti,-13.477385,28.68011,0,2016
Mkushi ,-13.5847,29.5834,0,2016
Mbala,-9.36881,31.23456,0,2016
Choma,-16.479628,26.9349164,1,2016
Mkushi ,-13.5869,29.5841,0,2016
Choma,-16.39291,26.77131,0,2016
Mumbwa,-14.51251,26.95054,0,2016
Mpongwe,-13.46448,27.92081,0,2016
Choma,-17.20765,27.11392,0,2016
Namwala,-16.141792,26.405363,0,2016
Lundazi,-12.149,33.0337,0,2016
Mufumbwe,-13.2042,24.77427,1,2016
Petauke,-14.35876,31.16336,1,2016
Mungwi,-10.6476,31.9392,1,2016
Mufumbwe,-13.05782,25.36737,0,2016
Solwezi,-13.05685,25.37999,1,2016
Solwezi,-12.34632,25.81031,0,2016
Mbala,-9.552899999999999,31.19754,0,2016
Mungwi,-10.6379,32.15112,1,2016
Choma,-16.9088,27.2553,0,2016
Solwezi,-12.23513,26.75332,0,2016
Mufumbwe,-13.057041,25.37125,1,2016
Mumbwa,-15.0721,26.7386,1,2016
Choma,-16.969225,27.086604,0,2016
Mbala,-8.99994,31.67823,0,2016
Choma,-16.9692,27.08646,1,2016
Mumbwa,-15.068726,26.7495779,0,2016
Mufumbwe,-13.05607,25.38281,0,2016
Masaiti,-13.67582,28.666,0,2016
Namwala,-15.75246,26.76351,0,2016
Petauke,-14.38607,31.21685,1,2016
Mungwi,-10.3131,32.2608,1,2016
Solwezi,-13.47003,28.00227,0,2016
Solwezi,-12.56251,26.176,0,2016
Masaiti,-13.50975,28.52104,1,2016
Mkushi ,-13.7283,29.0468,1,2016
Mufumbwe,-13.2024,24.76981,0,2016
Namwala,-15.92989,26.51184,1,2016
Solwezi,-12.23657,26.74506,0,2016
Solwezi,-13.19639,26.7657,1,2016
Namwala,-15.9202,26.5301,0,2016
Solwezi,-12.33201,25.89142,1,2016
Namwala,-16.03012,26.92816,0,2016
Mkushi ,-13.7293,29.0492,1,2016
Mpongwe,-13.4512,27.92606,0,2016
Mpongwe,-13.6335,27.8374,0,2016
Mkushi ,-15.41218,27.07835,0,2016
Mpongwe,-13.60897,27.79899,1,2016
Petauke,-14.0325,31.4799,0,2016
Mpongwe,-13.37349,28.4206,0,2016
Solwezi,-12.34632,25.81031,1,2016
Mungwi,-10.3099,32.2665,0,2016
Mkushi ,-13.5739,29.90321,0,2016
Solwezi,-12.56186,26.17146,0,2016
Choma,-16.9078,27.255,0,2016
Lundazi,-12.68763,32.87658,0,2016
Namwala,-15.72969,26.74091,0,2016
Mungwi,-10.13495,32.30742,0,2016
Petauke,-14.20865,31.20674,0,2016
Choma,-16.76752,24.30683,0,2016
Namwala,-15.72255,26.72275,0,2016
Choma,-16.57614,27.27163,0,2016
Lundazi,-11.9559,33.16731,1,2016
Mungwi,-10.6111,32.1872,0,2016
Mpongwe,-13.38695,28.44353,0,2016
Mumbwa,-14.51799,26.93103,1,2016
Mumbwa,-14.50681,26.95402,0,2016
Solwezi,-12.23791,26.75268,1,2016
Mungwi,-10.32136,32.24228,0,2016
Choma,-17.15471,27.14211,0,2016
Choma,-16.84802,26.8051,0,2016
Mungwi,-10.09649,32.31152,0,2016
Lundazi,-12.41591,33.33443,0,2016
Mbala,-9.58042,31.194448,0,2016
Mufumbwe,-13.05715,25.37427,1,2016
Mungwi,-10.63479,32.15305,1,2016
Masaiti,-13.4542,28.6768,1,2016
Namwala,-15.74932,26.76227,0,2016
Choma,-16.92523,27.01585,0,2016
Mbala,-8.82579,31.52758,0,2016
Namwala,-16.04927,26.9895,0,2016
Namwala,-15.93099,26.50915,0,2016
Masaiti,-13.3847,28.72562,0,2016
Mkushi ,-13.52528,28.93407,1,2016
Choma,-16.76519,27.30688,0,2016
Choma,-16.68361,26.85687,0,2016
Namwala,-15.93374,26.51939,0,2016
Namwala,-15.7122396,26.7131035,0,2016
Choma,-16.925341,27.015791,0,2016
Choma,-16.90002,27.2854,0,2016
Mufumbwe,-13.32111,24.84379,0,2016
Mufumbwe,-13.30668,24.80494,0,2016
Mbala,-9.5799,31.19324,0,2016
Namwala,-15.7232,26.72022,0,2016
Choma,-16.73209,26.95131,0,2016
Mpongwe,-13.82481,28.64845,0,2016
Mumbwa,-15.0702,26.7462,0,2016
Mpongwe,-13.3364,28.3746,0,2016
Mumbwa,-15.0825865,26.76991296,0,2016
Mkushi ,-13.734203,29.0691213,0,2016
Namwala,-16.26402,26.69018,0,2016
Mufumbwe,-13.1991,24.782,0,2016
Lundazi,-12.1685,33.0428,1,2016
Mumbwa,-13.19587,27.33725,0,2016
Choma,-16.39111,26.77245,0,2016
Mumbwa,-15.20774,27.35761,1,2016
Mpongwe,-13.58242,27.83349,0,2016
Mufumbwe,-13.36931,24.85623,0,2016
Petauke,-14.3352,31.16893,0,2016
Mpongwe,-13.60277,27.82924,1,2016
Namwala,-16.06231,26.93249,0,2016
Mungwi,-10.6112,32.1889,0,2016
Namwala,-15.7125222,26.710905,0,2016
Mumbwa,-15.190023,27.33276,0,2016
Mungwi,-10.3093,32.2661,0,2016
Lundazi,-11.9775,33.2006,0,2016
Solwezi,-12.56429,26.17021,0,2016
Solwezi,-12.53797,26.1612,0,2016
Mufumbwe,-13.201675,24.78879,1,2016
Petauke,-14.33991,31.16892,0,2016
Mufumbwe,-13.2022,24.7839,0,2016
Choma,-16.8760315,26.788325,0,2016
Choma,-16.985587,27.06566,0,2016
Choma,-16.81559,26.83296,0,2016
Mungwi,-10.6347,32.1522,0,2016
Choma,-16.73193,26.95981,1,2016
Masaiti,-13.68212,28.66789,0,2016
Mpongwe,-13.38736,28.44326,0,2016
Namwala,-16.2488,26.7043,0,2016
Masaiti,-13.38359,28.65559,0,2016
Mpongwe,-13.44889,27.9357,0,2016
Mpongwe,-13.57776,27.83892,0,2016
Mkushi ,-13.52707,28.93,1,2016
Petauke,-14.49303,31.31994,0,2016
Mufumbwe,-13.05669,25.38101,0,2016
Mpongwe,-13.6334,27.8361,0,2016
Mumbwa,-15.19438,27.3383,0,2016
Mumbwa,-15.3996,27.0911,0,2016
Mbala,-9.3843,31.235,0,2016
Namwala,-15.551921,26.313212,0,2016
Mkushi ,-13.5864,29.5771,0,2016
Mumbwa,-15.41699,27.06035,0,2016
Mumbwa,-15.41749,27.06034,0,2016
Solwezi,-12.1052,25.4885,0,2016
Mumbwa,-15.41851,27.05818,0,2016
Lundazi,-12.4022,33.3253,0,2016
Choma,-16.71212,26.8748,0,2016
Choma,-16.8288,26.8027,0,2016
Mufumbwe,-13.31702,24.81648,0,2016
Mbala,-9.3855,31.2344,0,2016
Choma,-16.47944,26.93493,1,2016
Mpongwe,-13.3199,28.6424,0,2016
Mumbwa,-15.07478,26.75486,0,2016
Masaiti,-13.37278,28.66238,1,2016
Mkushi ,-13.57514,29.56765,0,2016
Masaiti,-13.38424,28.65397,1,2016
Petauke,-13.96988,31.44132,1,2016
Mufumbwe,-13.364733,24.86835,0,2016
Namwala,-15.73376,26.73427,0,2016
Mungwi,-10.32044,32.25187,0,2016
Mpongwe,-13.60779,27.89168,1,2016
Mkushi ,-13.57803,29.56578,0,2016
Mbala,-9.562200000000001,31.1971,1,2016
Choma,-16.8429,26.7883,0,2016
Mumbwa,-15.0737,26.7495,0,2016
Choma,-16.7705,27.30595,0,2016
Mufumbwe,-13.201939,24.786945,1,2016
Mungwi,-10.6498,31.9403,0,2016
Mkushi ,-13.57524,29.56721,0,2016
Mkushi ,-13.95762,29.40728,0,2016
Mufumbwe,-13.22559,24.75243,1,2016
Mumbwa,-15.40869806,27.0830404,0,2016
Choma,-16.96942,27.0864,1,2016
Choma,-16.42188,26.78354,0,2016
Choma,-16.9206,27.2641,0,2016
Mkushi ,-13.7359,29.06765,0,2016
Mkushi ,-13.996,29.452,1,2016
Mpongwe,-13.37358,28.4378,0,2016
Masaiti,-13.25678,28.68085,0,2016
Lundazi,-12.161,33.0347,0,2016
Mpongwe,-13.59561,27.82634,0,2016
Namwala,-16.2525,26.7002,0,2016
Petauke,-14.01,31.4646,0,2016
Mkushi ,-13.95988,29.4213,0,2016
Petauke,-14.0102,31.4657,0,2016
Masaiti,-13.38652,28.69878,0,2016
Mumbwa,-15.21117,27.35268,1,2016
Mungwi,-10.0972,32.2917,1,2016
Mungwi,-10.64895,31.93707,1,2016
Mpongwe,-13.80147,28.64336,0,2016
Mumbwa,-15.1888647,27.33216986,0,2016
Mungwi,-10.07743,32.3201,0,2016
Namwala,-15.917,26.5305,1,2016
Choma,-16.74946,27.2955,0,2016
Masaiti,-13.4597,28.6754,1,2016
Mkushi ,-13.72753,29.05891,0,2016
Lundazi,-12.7159,32.8418,0,2016
Choma,-17.112676,27.62635,0,2016
Petauke,-14.38633,31.21483,0,2016
Choma,-16.96925,27.0862,0,2016
Namwala,-15.921,26.5271,0,2016
Mumbwa,-15.21227,27.35148,0,2016
Masaiti,-13.6794,28.66693,1,2016
Namwala,-15.73502,26.73526,0,2016
Lundazi,-11.97528,33.20339,0,2016
Mufumbwe,-13.46433,25.00465,0,2016
Mbala,-8.824299999999999,31.52776,0,2016
Mungwi,-10.32155,32.2515,0,2016
Mpongwe,-13.23015,28.6692,0,2016
Mungwi,-10.07691,32.32041,0,2016
Choma,-16.9854,27.06558,0,2016
Choma,-16.73223,26.95143,0,2016
Namwala,-16.41268,26.77878,0,2016
Mkushi ,-13.96203,29.42372,0,2016
Mungwi,-10.64248,31.94671,0,2016
Lundazi,-12.1704,33.043,0,2016
Masaiti,-13.2296,28.6695,1,2016
Mbala,-9.556419999999999,31.20301,0,2016
Choma,-16.944734,27.09098,0,2016
Mufumbwe,-13.06086,25.37193,0,2016
Petauke,-14.38523,31.21393,0,2016
Solwezi,-12.34632,25.81031,1,2016
Mkushi ,-13.95873,29.37512,0,2016
Mbala,-9.0245,31.6696,1,2016
Choma,-16.47939,26.93489,0,2016
Choma,-16.76506,27.31002,0,2016
Mkushi ,-13.5843,29.5777,0,2016
Choma,-16.87125,27.27407,0,2016
Mkushi ,-13.73153,29.06406,0,2016
Choma,-16.857024,26.8027852,0,2016
Mkushi ,-13.9949,29.4474,0,2016
Mbala,-9.562200000000001,31.1956,0,2016
Mpongwe,-13.3396,28.3865,0,2016
Choma,-16.8276,26.8012,0,2016
Namwala,-15.9138,26.5148,0,2016
Mungwi,-10.0981,32.3105,0,2016
Mungwi,-10.64083,31.9484,0,2016
Mpongwe,-13.61937,27.83061,1,2016
Choma,-16.77001,27.39638,0,2016
Petauke,-14.34746,31.16067,0,2016
Mumbwa,-15.407,27.0849,0,2016
Mbala,-9.3629,31.2565,0,2016
Mbala,-9.000400000000001,31.677621,0,2016
Mbala,-9.36143,31.2373,0,2016
Petauke,-14.3838,31.2168,0,2016
Mungwi,-10.61,32.1811,1,2016
Masaiti,-13.6708,28.6615,0,2016
Mufumbwe,-13.20929,24.76449,0,2016
Mumbwa,-15.22068,27.34575,0,2016
Masaiti,-13.44827,28.68251,0,2016
Choma,-16.29292,26.263728,0,2016
Choma,-16.81562,26.83293,0,2016
Mpongwe,-13.4532,27.9281,0,2016
Mungwi,-10.0979,32.3098,0,2016
Namwala,-15.7116868,26.7129526,0,2016
Solwezi,-12.3269,25.8861,1,2016
Mkushi ,-13.5751,29.56495,0,2016
Mbala,-9.019690000000001,31.65881,0,2016
Lundazi,-12.41925,33.32667,0,2016
Solwezi,-12.32549,25.88438,1,2016
Mbala,-9.35975,31.23587,0,2016
Mungwi,-10.63524,32.15326,1,2016
Choma,-16.44716,26.76899,0,2016
Masaiti,-13.2261,28.6713,0,2016
Choma,-17.15623,27.13724,0,2016
Mumbwa,-15.40078,27.07553,0,2016
Mpongwe,-13.61377,27.82861,1,2016
Masaiti,-13.25274,28.68845,0,2016
Mungwi,-10.3202,32.2627,1,2016
Mungwi,-10.63608,32.15349,0,2016
Mumbwa,-15.22323,27.3459,0,2016
Masaiti,-13.45108,28.67723,0,2016
Lundazi,-12.16707,33.04159,0,2016
Petauke,-14.3855,31.21606,0,2016
Mumbwa,-14.5543,26.9293,0,2016
Choma,-16.94467,27.09082,1,2016
Mbala,-9.36909,31.23511,0,2016
Masaiti,-13.68023,28.66473,1,2016
Choma,-16.42093,26.79972,0,2016
Masaiti,-13.69517,28.65396,0,2016
Choma,-16.6827929,26.8670319,0,2016
Mkushi ,-13.7263,29.0638,0,2016
Mungwi,-8.82527,31.52617,0,2016
Masaiti,-13.37823,28.73163,0,2016
Lundazi,-12.6881,32.87768,0,2016
Lundazi,-12.4077,33.3321,0,2016
Mkushi ,-13.5739,28.90321,0,2016
Mufumbwe,-13.46819,25.00093,0,2016
Masaiti,-13.23907,28.6627,1,2016
Masaiti,-13.37823,28.73163,1,2016
Mungwi,-10.6472,31.9401,0,2016
Namwala,-16.04049,26.93763,0,2016
Mungwi,-10.0878,32.3147,0,2016
Choma,-16.54698,26.95859,1,2016
Solwezi,-12.11024,25.507,0,2016
Mungwi,-10.61029,32.182935,1,2016
Mkushi ,-13.73342,29.06484,0,2016
Masaiti,-13.38469,28.65248,0,2016
Mpongwe,-13.78328,28.64529,0,2016
Choma,-16.73188,26.95146,0,2016
Mungwi,-10.611,32.1878,0,2016
Mpongwe,-13.60396,27.82523,0,2016
Namwala,-15.9191,26.529,1,2016
Mpongwe,-13.38555,28.44288,1,2016
Namwala,-15.9217,26.5271,1,2016
Mumbwa,-14.55359,26.92631,0,2016
Choma,-16.9133658,27.1036619,0,2016
Choma,-16.73193,26.95081,1,2016
Namwala,-16.051631,26.9728286,0,2016
Mkushi ,-13.733034,29.06763017,0,2016
Mumbwa,-14.51914,26.93092,0,2016
Mumbwa,-15.2251,27.34566,0,2016
Mufumbwe,-13.46589,25.00401,0,2016
Lundazi,-11.95229,33.16094,0,2016
Mumbwa,-14.55159,26.919607,0,2016
Namwala,-15.73571,26.75826,0,2016
Choma,-16.71228,26.87258,0,2016
Mkushi ,-13.7289,29.0596,0,2016
Choma,-16.6766595,26.8651959,0,2016
Namwala,-15.93183,26.51112,0,2016
Petauke,-14.0932,31.1799,0,2016
Solwezi,-12.32775,25.88559,0,2016
Mumbwa,-15.0801,26.75792,1,2016
Mpongwe,-13.335,28.3798,0,2016
Mpongwe,-13.5293,28.64627,1,2016
Lundazi,-11.9524,33.1613,0,2016
Choma,-16.98568,27.06553,1,2016
Choma,-16.81809,26.93704,0,2016
Lundazi,-14.01774,31.46987,0,2016
Mbala,-9.02014,31.65933,0,2016
Mufumbwe,-13.21299,24.76286,0,2016
Mpongwe,-13.60858,27.80262,0,2016
Mufumbwe,-13.318,24.84274,0,2016
Choma,-16.816,26.7875,0,2016
Namwala,-15.73402,26.73534,0,2016
Choma,-16.73218,26.95127,0,2016
Mungwi,-10.63754,32.153,0,2016
Choma,-16.68484,26.86345,0,2016
Masaiti,-13.69197,28.65718,1,2016
Petauke,-14.10005,31.179236,0,2016
Mkushi ,-13.7258,29.0627,0,2016
Masaiti,-13.51211,28.64021,1,2016
Namwala,-15.55696,26.312711,0,2016
Mungwi,-10.0869,32.3114,0,2016
Mkushi ,-13.5356,28.9118,0,2016
Mkushi ,-13.73,29.0605,1,2016
Mbala,-9.57982,31.19463,0,2016
Choma,-16.74937727,27.295685,0,2016
Lundazi,-12.68791,32.87687,0,2016
Choma,-16.67796,26.865257,0,2016
Mufumbwe,-13.32142,24.84309,0,2016
Mufumbwe,-13.32684,24.8447,0,2016
Mbala,-8.825939999999999,31.52682,0,2016
Mkushi ,-13.57536,29.56682,0,2016
Choma,-16.44918,26.77019,0,2016
Mumbwa,-14.55264,26.92828,0,2016
Lundazi,-12.7169,32.8419,0,2016
Masaiti,-13.2258,28.6729,1,2016
Namwala,-15.92929,26.50858,0,2016
Petauke,-14.214169,31.22077,1,2016
Mungwi,-10.19319,32.152536,1,2016
Mbala,-9.382400000000001,31.233,0,2016
Mbala,-9.36181,31.23736,0,2016
Mbala,-8.811500000000001,31.5355,0,2016
Mumbwa,-14.35319224,26.9198554,1,2016
Choma,-16.57557,27.2645,0,2016
Choma,-16.92519,27.01562,1,2016
Solwezi,-12.3229,25.87569,1,2016
Choma,-16.84824,26.8051,0,2016
Mumbwa,-15.39954,27.07296,0,2016
Mumbwa,-15.3997,27.0861,0,2016
Choma,-16.98566,27.06557,1,2016
Mbala,-9.36218,31.23575,0,2016
Choma,-16.47958,26.93497,1,2016
Choma,-16.969446,27.086577,0,2016
Mufumbwe,-13.05969,25.36015,1,2016
Masaiti,-13.3817,28.6591,0,2016
Mumbwa,-14.50681,26.95402,0,2016
Mpongwe,-13.82957,28.64865,0,2016
Mbala,-9.36782,31.23499,0,2016
Mumbwa,-15.21344,27.34758,0,2016
Petauke,-14.4873,31.3083,0,2016
Mbala,-9.54156,31.2116,0,2016
Petauke,-14.2114,31.2103,0,2016
Mbala,-9.55589,31.20166,0,2016
Mkushi ,-13.52544,28.93607,1,2016
Mungwi,-10.64873,31.93787,1,2016
Petauke,-14.4933,31.3186,0,2016
Solwezi,-12.19667,26.77487,0,2016
Petauke,-14.3817,31.2159,0,2016
Namwala,-16.26223,26.69132,0,2016
Choma,-16.94467,27.09082,1,2016
Choma,-16.74809,27.29717,0,2016
Masaiti,-13.45298,28.6769,1,2016
Mkushi ,-13.90634,29.42293,0,2016
Lundazi,-12.4015,33.3255,0,2016
Solwezi,-12.20635,26.77556,0,2016
Lundazi,-12.6754,32.8383,0,2016
Choma,-16.94459,27.0909,1,2016
Mumbwa,-15.072,26.7446,0,2016
Mufumbwe,-13.20195,24.78576,0,2016
Solwezi,-12.55897,26.14202,0,2016
Mungwi,-10.0787,32.3167,0,2016
Namwala,-15.93074,26.51189,0,2016
Lundazi,-12.68737,32.87711,0,2016
Lundazi,-12.4159,33.3349,0,2016
Mbala,-9.3634,31.2484,0,2016
Choma,-16.7543345,27.2420285,0,2016
Choma,-16.65522,26.85556,0,2016
Choma,-16.66186,26.86374,0,2016
Namwala,-16.05806,26.93316,0,2016
Mkushi ,-13.72795,29.06049,0,2016
Choma,-16.96936,27.08647,0,2016
Masaiti,-13.54276,28.63716,1,2016
Lundazi,-12.15468,33.02857,0,2016
Lundazi,-11.94858,33.16282,0,2016
Masaiti,-13.23786,28.66399,1,2016
Mbala,-8.844810000000001,31.54344,0,2016
Namwala,-16.23005,26.67017,0,2016
Choma,-16.73223,26.95143,0,2016
Lundazi,-11.9515,33.1598,0,2016
Choma,-16.8156198,26.8328042,0,2016
Namwala,-16.02592,26.9314,0,2016
Namwala,-15.74905,26.75811,0,2016
Petauke,-14.4827,31.3094,0,2016
Mumbwa,-15.1922075,27.33575262,0,2016
Petauke,-14.0946,31.1798,0,2016
Mkushi ,-13.576903,29.572278,0,2016
Namwala,-15.93146,26.5091,0,2016
Lundazi,-12.6773,32.8394,0,2016
Namwala,-15.72242,26.71927,0,2016
Choma,-16.47962,26.93503,0,2016
Mungwi,-10.6437,31.947,0,2016
Masaiti,-14.69719,28.64954,0,2016
Petauke,-14.3868,31.2164,0,2016
Mungwi,-10.19267,32.152395,1,2016
Choma,-16.47949,26.93502,1,2016
Mbala,-9.55564,31.20275,0,2016
Mufumbwe,-13.19863,24.77694,1,2016
Mkushi ,-14.59101,29.58374,0,2016
Namwala,-16.03182,26.92775,0,2016
Mungwi,-10.6465,31.9415,1,2016
Mungwi,-10.64154,31.94729,1,2016
Mumbwa,-15.0651,26.743,0,2016
Lundazi,-11.9521,33.1591,0,2016
Mungwi,-10.3198,32.2445,0,2016
Mbala,-9.368790000000001,31.23499,1,2016
Choma,-16.82714,26.79394,0,2016
Choma,-16.752976,27.242314,0,2016
Petauke,-14.4865,31.3101,0,2016
Namwala,-16.2546,26.6962,0,2016
Mkushi ,-13.5819,29.585,0,2016
Choma,-16.71611,26.88496,0,2016
Choma,-16.83398,26.82019,0,2016
Masaiti,-13.54756,28.66697,1,2016
Mkushi ,-13.95638,29.37659,0,2016
Mufumbwe,-13.05668,25.3729,0,2016
Lundazi,-12.4075,33.3315,0,2016
Choma,-16.8301,26.79857,0,2016
Masaiti,-13.67978,28.66572,0,2016
Namwala,-16.23063,26.66719,0,2016
Mungwi,-10.6344,32.1526,0,2016
Choma,-16.83838,26.79297,0,2016
Namwala,-15.55748,26.313095,0,2016
Mufumbwe,-13.46512,25.00179,1,2016
Choma,-16.83966,26.79091,0,2016
Petauke,-14.09943,31.17815,0,2016
Choma,-16.732644,26.951124,0,2016
Choma,-16.479585,26.934886,0,2016
Choma,-17.19634,27.0956,0,2016
Mumbwa,-14.51214,26.94982,0,2016
Petauke,-14.4815,31.3089,0,2016
Mungwi,-10.63457,32.15345,0,2016
Mumbwa,-15.05984476,26.73618293,0,2016
Mungwi,,,,2017
Mungwi,,,,2017
Petauke,,,,2017
Masaiti,,,,2017
Choma,,,,2017
Lundazi,,,,2017
Choma,,,,2017
Mungwi,,,,2017
Mumbwa,,,,2017
Mumbwa,,,,2017
Mufumbwe,,,,2017
Mumbwa,,,,2017
Mbala,,,,2017
Mungwi,,,,2017
Namwala,,,,2017
Mkushi ,,,,2017
Namwala,,,,2017
Choma,,,,2017
Masaiti,,,,2017
Mumbwa,,,,2017
Solwezi,,,,2017
Choma,,,,2017
Lundazi,,,,2017
Mungwi,,,,2017
Mpongwe,,,,2017
Namwala,,,,2017
Mpongwe,,,,2017
Petauke,,,,2017
Mungwi,,,,2017
Mpongwe,,,,2017
Namwala,,,,2017
Mpongwe,,,,2017
Choma,,,,2017
Mbala,,,,2017
Masaiti,,,,2017
Masaiti,,,,2017
Mkushi ,,,,2017
Choma,,,,2017
Mungwi,,,,2017
Choma,,,,2017
Choma,,,,2017
Choma,,,,2017
Choma,,,,2017
Mufumbwe,,,,2017
Namwala,,,,2017
Lundazi,,,,2017
Mufumbwe,,,,2017
Mufumbwe,,,,2017
Petauke,,,,2017
Mkushi ,,,,2017
Mkushi ,,,,2017
Lundazi,,,,2017
Mpongwe,,,,2017
Lundazi,,,,2017
Mpongwe,,,,2017
Petauke,,,,2017
Mufumbwe,,,,2017
Masaiti,,,,2017
Solwezi,,,,2017
Mbala,,,,2017
Namwala,,,,2017
Choma,,,,2017
Mkushi ,,,,2017
Mumbwa,,,,2017
Mbala,,,,2017
Namwala,,,,2017
Namwala,,,,2017
Masaiti,,,,2017
Solwezi,,,,2017
Solwezi,,,,2017
Mumbwa,,,,2017
Mpongwe,,,,2017
Lundazi,,,,2017
Mungwi,,,,2017
Choma,,,,2017
Mufumbwe,,,,2017
Mungwi,,,,2017
Mbala,,,,2017
Namwala,,,,2017
Solwezi,,,,2017
Mkushi ,,,,2017
Masaiti,,,,2017
Choma,,,,2017
Choma,,,,2017
Mpongwe,,,,2017
Mufumbwe,,,,2017
Masaiti,,,,2017
Mpongwe,,,,2017
Mkushi ,,,,2017
Namwala,,,,2017
Choma,,,,2017
Namwala,,,,2017
Mumbwa,,,,2017
Namwala,,,,2017
Lundazi,,,,2017
Masaiti,,,,2017
Choma,,,,2017
Solwezi,,,,2017
Petauke,,,,2017
Choma,,,,2017
Namwala,,,,2017
Mufumbwe,,,,2017
Namwala,,,,2017
Mpongwe,,,,2017
Mbala,,,,2017
Choma,,,,2017
Mumbwa,,,,2017
Masaiti,,,,2017
Namwala,,,,2017
Namwala,,,,2017
Namwala,,,,2017
Mpongwe,,,,2017
Lundazi,,,,2017
Namwala,,,,2017
Masaiti,,,,2017
Mumbwa,,,,2017
Mungwi,,,,2017
Mufumbwe,,,,2017
Namwala,,,,2017
Mumbwa,,,,2017
Masaiti,,,,2017
Choma,,,,2017
Petauke,,,,2017
Mbala,,,,2017
Mkushi ,,,,2017
Namwala,,,,2017
Choma,,,,2017
Namwala,,,,2017
Mkushi ,,,,2017
Petauke,,,,2017
Choma,,,,2017
Mpongwe,,,,2017
Solwezi,,,,2017
Masaiti,,,,2017
Mumbwa,,,,2017
Solwezi,,,,2017
Choma,,,,2017
Lundazi,,,,2017
Mumbwa,,,,2017
Mbala,,,,2017
Petauke,,,,2017
Lundazi,,,,2017
Solwezi,,,,2017
Mufumbwe,,,,2017
Mkushi ,,,,2017
Masaiti,,,,2017
Mkushi ,,,,2017
Mufumbwe,,,,2017
Namwala,,,,2017
Solwezi,,,,2017
Choma,,,,2017
Lundazi,,,,2017
Mpongwe,,,,2017
Namwala,,,,2017
Mungwi,,,,2017
Mpongwe,,,,2017
Masaiti,,,,2017
Mufumbwe,,,,2017
Mkushi ,,,,2017
Masaiti,,,,2017
Petauke,,,,2017
Mumbwa,,,,2017
Mkushi ,,,,2017
Mungwi,,,,2017
Solwezi,,,,2017
Lundazi,,,,2017
Lundazi,,,,2017
Masaiti,,,,2017
Mungwi,,,,2017
Choma,,,,2017
Lundazi,,,,2017
Mumbwa,,,,2017
Choma,,,,2017
Mpongwe,,,,2017
Choma,,,,2017
Mufumbwe,,,,2017
Mkushi ,,,,2017
Mufumbwe,,,,2017
Mbala,,,,2017
Solwezi,,,,2017
Lundazi,,,,2017
Choma,,,,2017
Petauke,,,,2017
Choma,,,,2017
Choma,,,,2017
Solwezi,,,,2017
Lundazi,,,,2017
Mumbwa,,,,2017
Lundazi,,,,2017
Mungwi,,,,2017
Lundazi,,,,2017
Mpongwe,,,,2017
Masaiti,,,,2017
Lundazi,,,,2017
Lundazi,,,,2017
Mpongwe,,,,2017
Choma,,,,2017
Lundazi,,,,2017
Mungwi,,,,2017
Choma,,,,2017
Choma,,,,2017
Masaiti,,,,2017
Mkushi ,,,,2017
Mbala,,,,2017
Masaiti,,,,2017
Petauke,,,,2017
Masaiti,,,,2017
Masaiti,,,,2017
Lundazi,,,,2017
Mbala,,,,2017
Namwala,,,,2017
Choma,,,,2017
Namwala,,,,2017
Choma,,,,2017
Lundazi,,,,2017
Mbala,,,,2017
Mpongwe,,,,2017
Mbala,,,,2017
Mufumbwe,,,,2017
Choma,,,,2017
Mufumbwe,,,,2017
Solwezi,,,,2017
Masaiti,,,,2017
Mbala,,,,2017
Mbala,,,,2017
Lundazi,,,,2017
Masaiti,,,,2017
Namwala,,,,2017
Mbala,,,,2017
Masaiti,,,,2017
Choma,,,,2017
Choma,,,,2017
Mpongwe,,,,2017
Mungwi,,,,2017
Masaiti,,,,2017
Lundazi,,,,2017
Choma,,,,2017
Mkushi ,,,,2017
Mkushi ,,,,2017
Mumbwa,,,,2017
Mkushi ,,,,2017
Mufumbwe,,,,2017
Choma,,,,2017
Solwezi,,,,2017
Choma,,,,2017
Mbala,,,,2017
Mungwi,,,,2017
Lundazi,,,,2017
Mumbwa,,,,2017
Choma,,,,2017
Petauke,,,,2017
Choma,,,,2017
Choma,,,,2017
Masaiti,,,,2017
Masaiti,,,,2017
Masaiti,,,,2017
Choma,,,,2017
Petauke,,,,2017
Choma,,,,2017
Choma,,,,2017
Petauke,,,,2017
Mkushi ,,,,2017
Namwala,,,,2017
Choma,,,,2017
Mpongwe,,,,2017
Petauke,,,,2017
Mungwi,,,,2017
Mufumbwe,,,,2017
Mungwi,,,,2017
Mumbwa,,,,2017
Petauke,,,,2017
Mufumbwe,,,,2017
Masaiti,,,,2017
Mufumbwe,,,,2017
Mpongwe,,,,2017
Mkushi ,,,,2017
Mumbwa,,,,2017
Solwezi,,,,2017
Choma,,,,2017
Mkushi ,,,,2017
Mbala,,,,2017
Petauke,,,,2017
Namwala,,,,2017
Choma,,,,2017
Mufumbwe,,,,2017
Mufumbwe,,,,2017
Mkushi ,,,,2017
Mumbwa,,,,2017
Lundazi,,,,2017
Solwezi,,,,2017
Lundazi,,,,2017
Mumbwa,,,,2017
Mkushi ,,,,2017
Mpongwe,,,,2017
Masaiti,,,,2017
Namwala,,,,2017
Namwala,,,,2017
Choma,,,,2017
Choma,,,,2017
Mpongwe,,,,2017
Choma,,,,2017
Namwala,,,,2017
Mkushi ,,,,2017
Mufumbwe,,,,2017
Mpongwe,,,,2017
Mufumbwe,,,,2017
Mungwi,,,,2017
Mumbwa,,,,2017
Mufumbwe,,,,2017
Masaiti,,,,2017
Masaiti,,,,2017
Mbala,,,,2017
Lundazi,,,,2017
Choma,,,,2017
Choma,,,,2017
Mkushi ,,,,2017
Mufumbwe,,,,2017
Masaiti,,,,2017
Masaiti,,,,2017
Mumbwa,,,,2017
Lundazi,,,,2017
Mbala,,,,2017
Solwezi,,,,2017
Petauke,,,,2017
Mkushi ,,,,2017
Namwala,,,,2017
Mufumbwe,,,,2017
Choma,,,,2017
Mkushi ,,,,2017
Choma,,,,2017
Choma,,,,2017
Namwala,,,,2017
Namwala,,,,2017
Masaiti,,,,2017
Mpongwe,,,,2017
Mungwi,,,,2017
Petauke,,,,2017
Choma,,,,2017
Mbala,,,,2017
Mkushi ,,,,2017
Choma,,,,2017
Choma,,,,2017
Mkushi ,,,,2017
Mungwi,,,,2017
Lundazi,,,,2017
Choma,,,,2017
Mbala,,,,2017
Mufumbwe,,,,2017
Choma,,,,2017
Mkushi ,,,,2017
Solwezi,,,,2017
Choma,,,,2017
Mbala,,,,2017
Mpongwe,,,,2017
Mkushi ,,,,2017
Choma,,,,2017
Mumbwa,,,,2017
Mungwi,,,,2017
Mungwi,,,,2017
Petauke,,,,2017
Choma,,,,2017
Mungwi,,,,2017
Lundazi,,,,2017
Petauke,,,,2017
Namwala,,,,2017
Choma,,,,2017
Mkushi ,,,,2017
Mungwi,,,,2017
Masaiti,,,,2017
Namwala,,,,2017
Mbala,,,,2017
Mpongwe,,,,2017
Namwala,,,,2017
Choma,,,,2017
Choma,,,,2017
Choma,,,,2017
Mbala,,,,2017
Namwala,,,,2017
Lundazi,,,,2017
Mungwi,,,,2017
Petauke,,,,2017
Lundazi,,,,2017
Choma,,,,2017
Mungwi,,,,2017
Mufumbwe,,,,2017
Mufumbwe,,,,2017
Mbala,,,,2017
Solwezi,,,,2017
Mkushi ,,,,2017
Petauke,,,,2017
Mufumbwe,,,,2017
Petauke,,,,2017
Namwala,,,,2017
Mkushi ,,,,2017
Choma,,,,2017
Lundazi,,,,2017
Mpongwe,,,,2017
Choma,,,,2017
Mufumbwe,,,,2017
Mbala,,,,2017
Choma,,,,2017
Mkushi ,,,,2017
Mpongwe,,,,2017
Solwezi,,,,2017
Choma,,,,2017
Mpongwe,,,,2017
Masaiti,,,,2017
Choma,,,,2017
Mbala,,,,2017
Mkushi ,,,,2017
Solwezi,,,,2017
Mungwi,,,,2017
Mumbwa,,,,2017
Mungwi,,,,2017
Namwala,,,,2017
Mpongwe,,,,2017
Choma,,,,2017
Masaiti,,,,2017
Mkushi ,,,,2017
Mumbwa,,,,2017
Masaiti,,,,2017
Namwala,,,,2017
Choma,,,,2017
Mkushi ,,,,2017
Mbala,,,,2017
Masaiti,,,,2017
Mungwi,,,,2017
Petauke,,,,2017
Solwezi,,,,2017
Mungwi,,,,2017
Masaiti,,,,2017
Mkushi ,,,,2017
Mungwi,,,,2017
Mufumbwe,,,,2017
Petauke,,,,2017
Mkushi ,,,,2017
Mpongwe,,,,2017
Mumbwa,,,,2017
Mungwi,,,,2017
Mufumbwe,,,,2017
Mkushi ,,,,2017
Namwala,,,,2017
Mpongwe,,,,2017
Choma,,,,2017
Mpongwe,,,,2017
Mbala,,,,2017
Mpongwe,,,,2017
Namwala,,,,2017
Mungwi,,,,2017
Petauke,,,,2017
Lundazi,,,,2017
Choma,,,,2017
Mumbwa,,,,2017
Mumbwa,,,,2017
Mungwi,,,,2017
Mpongwe,,,,2017
Mpongwe,,,,2017
Choma,,,,2017
Mkushi ,,,,2017
Mbala,,,,2017
Lundazi,,,,2017
Lundazi,,,,2017
Petauke,,,,2017
Lundazi,,,,2017
Choma,,,,2017
Choma,,,,2017
Mungwi,,,,2017
Solwezi,,,,2017
Mungwi,,,,2017
Mungwi,,,,2017
Choma,,,,2017
Mpongwe,,,,2017
Namwala,,,,2017
Mungwi,,,,2017
Choma,,,,2017
Choma,,,,2017
Namwala,,,,2017
Mkushi ,,,,2017
Mungwi,,,,2017
Mkushi ,,,,2017
Choma,,,,2017
Mpongwe,,,,2017
Namwala,,,,2017
Mungwi,,,,2017
Lundazi,,,,2017
Namwala,,,,2017
Choma,,,,2017
Choma,,,,2017
Choma,,,,2017
Mufumbwe,,,,2017
Solwezi,,,,2017
Solwezi,,,,2017
Lundazi,,,,2017
Solwezi,,,,2017
Mbala,,,,2017
Mumbwa,,,,2017
Mufumbwe,,,,2017
Lundazi,,,,2017
Namwala,,,,2017
Mufumbwe,,,,2017
Namwala,,,,2017
Masaiti,,,,2017
Mpongwe,,,,2017
Mumbwa,,,,2017
Mkushi ,,,,2017
Petauke,,,,2017
Mungwi,,,,2017
Mumbwa,,,,2017
Namwala,,,,2017
Mumbwa,,,,2017
Choma,,,,2017
Petauke,,,,2017
Mbala,,,,2017
Mumbwa,,,,2017
Choma,,,,2017
Mkushi ,,,,2017
Mumbwa,,,,2017
Choma,,,,2017
Mungwi,,,,2017
Solwezi,,,,2017
Petauke,,,,2017
Choma,,,,2017
Mungwi,,,,2017
Mbala,,,,2017
Mumbwa,,,,2017
Mungwi,,,,2017
Mumbwa,,,,2017
Choma,,,,2017
Petauke,,,,2017
Solwezi,,,,2017
Mungwi,,,,2017
Petauke,,,,2017
Mumbwa,,,,2017
Mumbwa,,,,2017
Solwezi,,,,2017
Namwala,,,,2017
Choma,,,,2017
Mbala,,,,2017
Lundazi,,,,2017
Choma,,,,2017
Choma,,,,2017
Choma,,,,2017
Masaiti,,,,2017
Choma,,,,2017
Masaiti,,,,2017
Mpongwe,,,,2017
Masaiti,,,,2017
Lundazi,,,,2017
Choma,,,,2017
Choma,,,,2017
Mpongwe,,,,2017
Choma,,,,2017
Masaiti,,,,2017
Mpongwe,,,,2017
Mungwi,,,,2017
Choma,,,,2017
Lundazi,,,,2017
Petauke,,,,2017
Mkushi ,,,,2017
Choma,,,,2017
Mumbwa,,,,2017
Mungwi,,,,2017
Petauke,,,,2017
Petauke,,,,2017
Mungwi,,,,2017
Choma,,,,2017
Choma,,,,2017
Choma,,,,2017
Mufumbwe,,,,2017
Mbala,,,,2017
Lundazi,,,,2017
Namwala,,,,2017
Choma,,,,2017
Choma,,,,2017
Choma,,,,2017
Choma,,,,2017
Choma,,,,2017
Mumbwa,,,,2017
Choma,,,,2017
Petauke,,,,2017
Mbala,,,,2017
Choma,,,,2017
Mpongwe,,,,2017
Choma,,,,2017
Choma,,,,2017
Solwezi,,,,2017
Solwezi,,,,2017
Namwala,,,,2017
Mumbwa,,,,2017
Namwala,,,,2017
Mungwi,,,,2017
Mungwi,,,,2017
Petauke,,,,2017
Masaiti,,,,2017
Mumbwa,,,,2017
Namwala,,,,2017
Masaiti,,,,2017
Petauke,,,,2017
Mbala,,,,2017
Mbala,,,,2017
Lundazi,,,,2017
Choma,,,,2017
Masaiti,,,,2017
Mufumbwe,,,,2017
Solwezi,,,,2017
Mumbwa,,,,2017
Petauke,,,,2017
Petauke,,,,2017
Choma,,,,2017
Choma,,,,2017
Lundazi,,,,2017
Choma,,,,2017
Mbala,,,,2017
Choma,,,,2017
Mumbwa,,,,2017
Mungwi,,,,2017
Mumbwa,,,,2017
Namwala,,,,2017
Choma,,,,2017
Mumbwa,,,,2017
Masaiti,,,,2017
Masaiti,,,,2017
Choma,,,,2017
Mumbwa,,,,2017
Choma,,,,2017
Choma,,,,2017
Lundazi,,,,2017
Lundazi,,,,2017
Namwala,,,,2017
Mbala,,,,2017
Choma,,,,2017
Petauke,,,,2017
Mufumbwe,,,,2017
Petauke,,,,2017
Mungwi,,,,2017
Mufumbwe,,,,2017
Mbala,,,,2017
Masaiti,,,,2017
Masaiti,,,,2017
Mumbwa,,,,2017
Namwala,,,,2017
Mbala,,,,2017
Mungwi,,,,2017
Mufumbwe,,,,2017
Mkushi ,,,,2017
Petauke,,,,2017
Mbala,,,,2017
Mufumbwe,,,,2017
Mumbwa,,,,2017
Mumbwa,,,,2017
Mbala,,,,2017
Choma,,,,2017
Mumbwa,,,,2017
Namwala,,,,2017
Petauke,,,,2017
Petauke,,,,2017
Mungwi,,,,2017
Mbala,,,,2017
Mkushi ,,,,2017
Namwala,,,,2017
Mkushi ,,,,2017
Lundazi,,,,2017
Mbala,,,,2017
Mkushi ,,,,2017
Mkushi ,,,,2017
Mkushi ,,,,2017
Mufumbwe,,,,2017
Mkushi ,,,,2017
Masaiti,,,,2017
Mkushi ,,,,2017
Mufumbwe,,,,2017
Mungwi,,,,2017
Mungwi,,,,2017
Choma,,,,2017
Lundazi,,,,2017
Namwala,,,,2017
Mpongwe,,,,2017
Choma,,,,2017
Petauke,,,,2017
Choma,,,,2017
Choma,,,,2017
Namwala,,,,2017
Mungwi,,,,2017
Mkushi ,,,,2017
Mkushi ,,,,2017
Mumbwa,,,,2017
Choma,,,,2017
Petauke,,,,2017
Mbala,,,,2017
Mpongwe,,,,2017
Mpongwe,,,,2017
Mumbwa,,,,2017
Mumbwa,,,,2017
Mufumbwe,,,,2017
Lundazi,,,,2017
Petauke,,,,2017
Lundazi,,,,2017
Mbala,,,,2017
Mpongwe,,,,2017
Choma,,,,2017
Namwala,,,,2017
Mufumbwe,,,,2017
Mungwi,,,,2017
Mufumbwe,,,,2017
Choma,,,,2017
Choma,,,,2017
Mkushi ,,,,2017
Mbala,,,,2017
Mbala,,,,2017
Mbala,,,,2017
Namwala,,,,2017
Solwezi,,,,2017
Choma,,,,2017
Lundazi,,,,2017
Mkushi ,,,,2017
Choma,,,,2017
Mungwi,,,,2017
Mufumbwe,,,,2017
Mpongwe,,,,2017
Mkushi ,,,,2017
Choma,,,,2017
Namwala,,,,2017
Namwala,,,,2017
Mumbwa,,,,2017
Masaiti,,,,2017
Masaiti,,,,2017
Mumbwa,,,,2017
Solwezi,,,,2017
Mkushi ,,,,2017
Mungwi,,,,2017
Mbala,,,,2017
Mungwi,,,,2017
Choma,,,,2017
Masaiti,,,,2017
Mbala,,,,2017
Namwala,,,,2017
Mumbwa,,,,2017
Mungwi,,,,2017
Petauke,,,,2017
Mufumbwe,,,,2017
Mufumbwe,,,,2017
Lundazi,,,,2017
Namwala,,,,2017
Mumbwa,,,,2017
Mbala,,,,2017
Namwala,,,0,2018
Masaiti,,,0,2018
Choma,,,0,2018
Mungwi,,,0,2018
Mbala,,,0,2018
Choma,,,0,2018
Petauke,,,0,2018
Mufumbwe,,,0,2018
Mufumbwe,,,0,2018
Choma,,,0,2018
Lundazi,,,0,2018
Mumbwa,,,0,2018
Mkushi ,,,1,2018
Masaiti,,,0,2018
Mumbwa,,,0,2018
Mungwi,,,1,2018
Solwezi,,,0,2018
Mungwi,,,0,2018
Mpongwe,,,0,2018
Namwala,,,0,2018
Mkushi ,,,1,2018
Mufumbwe,,,0,2018
Masaiti,,,0,2018
Mumbwa,,,0,2018
Solwezi,,,0,2018
Mkushi ,,,0,2018
Namwala,,,0,2018
Choma,,,0,2018
Mumbwa,,,0,2018
Petauke,,,0,2018
Mkushi ,,,1,2018
Namwala,,,1,2018
Lundazi,,,0,2018
Mpongwe,,,0,2018
Petauke,,,0,2018
Mbala,,,0,2018
Solwezi,,,0,2018
Mpongwe,,,0,2018
Choma,,,1,2018
Choma,,,0,2018
Mkushi ,,,1,2018
Petauke,,,0,2018
Mumbwa,,,0,2018
Mpongwe,,,0,2018
Choma,,,0,2018
Petauke,,,0,2018
Mkushi ,,,0,2018
Mufumbwe,,,0,2018
Mkushi ,,,0,2018
Petauke,,,0,2018
Mbala,,,0,2018
Choma,,,0,2018
Mbala,,,0,2018
Mbala,,,0,2018
Petauke,,,0,2018
Solwezi,,,0,2018
Masaiti,,,0,2018
Mungwi,,,0,2018
Masaiti,,,0,2018
Mpongwe,,,0,2018
Lundazi,,,0,2018
Petauke,,,0,2018
Mbala,,,0,2018
Masaiti,,,0,2018
Mungwi,,,0,2018
Choma,,,0,2018
Mbala,,,0,2018
Choma,,,0,2018
Namwala,,,0,2018
Mpongwe,,,0,2018
Solwezi,,,0,2018
Solwezi,,,0,2018
Mbala,,,0,2018
Mumbwa,,,0,2018
Masaiti,,,0,2018
Mpongwe,,,0,2018
Petauke,,,0,2018
Mbala,,,0,2018
Mumbwa,,,0,2018
Choma,,,0,2018
Choma,,,0,2018
Lundazi,,,0,2018
Mufumbwe,,,0,2018
Namwala,,,0,2018
Petauke,,,0,2018
Masaiti,,,0,2018
Mumbwa,,,1,2018
Mpongwe,,,0,2018
Choma,,,0,2018
Lundazi,,,0,2018
Lundazi,,,0,2018
Choma,,,0,2018
Mpongwe,,,0,2018
Lundazi,,,0,2018
Namwala,,,0,2018
Petauke,,,0,2018
Mpongwe,,,0,2018
Choma,,,0,2018
Petauke,,,0,2018
Mumbwa,,,0,2018
Choma,,,0,2018
Mufumbwe,,,0,2018
Mpongwe,,,0,2018
Mbala,,,0,2018
Mumbwa,,,0,2018
Mkushi ,,,1,2018
Mkushi ,,,0,2018
Choma,,,0,2018
Mkushi ,,,0,2018
Mkushi ,,,1,2018
Mkushi ,,,0,2018
Mufumbwe,,,0,2018
Mbala,,,0,2018
Masaiti,,,0,2018
Choma,,,0,2018
Solwezi,,,0,2018
Lundazi,,,0,2018
Choma,,,0,2018
Petauke,,,0,2018
Mpongwe,,,0,2018
Petauke,,,0,2018
Solwezi,,,0,2018
Masaiti,,,0,2018
Mbala,,,0,2018
Choma,,,0,2018
Mbala,,,0,2018
Mumbwa,,,0,2018
Choma,,,0,2018
Lundazi,,,0,2018
Mbala,,,0,2018
Mbala,,,0,2018
Mungwi,,,0,2018
Mpongwe,,,0,2018
Mbala,,,0,2018
Mbala,,,0,2018
Mpongwe,,,0,2018
Mkushi ,,,1,2018
Mkushi ,,,0,2018
Namwala,,,0,2018
Lundazi,,,0,2018
Namwala,,,1,2018
Choma,,,0,2018
Choma,,,0,2018
Mufumbwe,,,0,2018
Mbala,,,0,2018
Mbala,,,0,2018
Masaiti,,,0,2018
Masaiti,,,0,2018
Petauke,,,0,2018
Choma,,,0,2018
Mumbwa,,,0,2018
Masaiti,,,0,2018
Mumbwa,,,0,2018
Solwezi,,,0,2018
Mufumbwe,,,0,2018
Mkushi ,,,0,2018
Choma,,,0,2018
Namwala,,,0,2018
Mpongwe,,,0,2018
Mpongwe,,,0,2018
Masaiti,,,0,2018
Lundazi,,,0,2018
Mumbwa,,,0,2018
Mpongwe,,,0,2018
Namwala,,,0,2018
Mpongwe,,,0,2018
Lundazi,,,0,2018
Choma,,,0,2018
Mpongwe,,,0,2018
Mungwi,,,0,2018
Mufumbwe,,,0,2018
Petauke,,,0,2018
Mbala,,,0,2018
Mbala,,,0,2018
Mbala,,,0,2018
Choma,,,0,2018
Choma,,,0,2018
Namwala,,,0,2018
Mkushi ,,,0,2018
Choma,,,0,2018
Petauke,,,0,2018
Namwala,,,0,2018
Mbala,,,0,2018
Choma,,,0,2018
Namwala,,,0,2018
Namwala,,,0,2018
Mbala,,,0,2018
Choma,,,0,2018
Mufumbwe,,,0,2018
Choma,,,0,2018
Mpongwe,,,0,2018
Mungwi,,,1,2018
Namwala,,,0,2018
Namwala,,,0,2018
Choma,,,0,2018
Choma,,,0,2018
Petauke,,,0,2018
Lundazi,,,0,2018
Mufumbwe,,,0,2018
Mungwi,,,0,2018
Solwezi,,,0,2018
Mkushi ,,,0,2018
Choma,,,0,2018
Lundazi,,,0,2018
Petauke,,,0,2018
Lundazi,,,0,2018
Choma,,,0,2018
Lundazi,,,0,2018
Mbala,,,0,2018
Masaiti,,,0,2018
Mungwi,,,0,2018
Lundazi,,,0,2018
Mpongwe,,,0,2018
Mufumbwe,,,0,2018
Mumbwa,,,1,2018
Mpongwe,,,0,2018
Mufumbwe,,,0,2018
Mkushi ,,,0,2018
Masaiti,,,0,2018
Choma,,,0,2018
Choma,,,0,2018
Choma,,,0,2018
Mungwi,,,0,2018
Lundazi,,,0,2018
Mumbwa,,,0,2018
Choma,,,0,2018
Lundazi,,,0,2018
Choma,,,0,2018
Mpongwe,,,1,2018
Choma,,,0,2018
Mumbwa,,,0,2018
Choma,,,0,2018
Lundazi,,,0,2018
Mumbwa,,,0,2018
Choma,,,0,2018
Choma,,,0,2018
Choma,,,0,2018
Mpongwe,,,1,2018
Masaiti,,,0,2018
Mpongwe,,,0,2018
Mbala,,,0,2018
Choma,,,0,2018
Solwezi,,,1,2018
Mkushi ,,,0,2018
Mufumbwe,,,0,2018
Choma,,,0,2018
Mufumbwe,,,0,2018
Choma,,,0,2018
Masaiti,,,0,2018
Mumbwa,,,0,2018
Mbala,,,0,2018
Masaiti,,,1,2018
Masaiti,,,0,2018
Masaiti,,,0,2018
Mpongwe,,,0,2018
Solwezi,,,0,2018
Lundazi,,,0,2018
Lundazi,,,0,2018
Masaiti,,,0,2018
Mungwi,,,0,2018
Masaiti,,,0,2018
Mpongwe,,,0,2018
Lundazi,,,0,2018
Namwala,,,0,2018
Choma,,,0,2018
Lundazi,,,0,2018
Petauke,,,0,2018
Mbala,,,0,2018
Mungwi,,,0,2018
Choma,,,0,2018
Mpongwe,,,0,2018
Mkushi ,,,1,2018
Choma,,,0,2018
Petauke,,,0,2018
Mufumbwe,,,0,2018
Mbala,,,0,2018
Mungwi,,,0,2018
Mungwi,,,0,2018
Mufumbwe,,,0,2018
Mufumbwe,,,0,2018
Choma,,,1,2018
Choma,,,0,2018
Mpongwe,,,1,2018
Choma,,,0,2018
Choma,,,0,2018
Choma,,,0,2018
Mungwi,,,0,2018
Lundazi,,,0,2018
Lundazi,,,0,2018
Mungwi,,,0,2018
Mungwi,,,0,2018
Mkushi ,,,0,2018
Mungwi,,,0,2018
Mufumbwe,,,1,2018
Mkushi ,,,0,2018
Mufumbwe,,,0,2018
Mufumbwe,,,0,2018
Mungwi,,,1,2018
Petauke,,,0,2018
Mbala,,,0,2018
Mkushi ,,,0,2018
Petauke,,,0,2018
Choma,,,0,2018
Mungwi,,,0,2018
Choma,,,0,2018
Mufumbwe,,,0,2018
Mbala,,,0,2018
Choma,,,0,2018
Mufumbwe,,,0,2018
Lundazi,,,0,2018
Mungwi,,,1,2018
Lundazi,,,0,2018
Masaiti,,,0,2018
Mumbwa,,,0,2018
Mbala,,,0,2018
Mkushi ,,,1,2018
Lundazi,,,0,2018
Mungwi,,,0,2018
Choma,,,,2018
Mumbwa,,,0,2018
Choma,,,0,2018
Mumbwa,,,1,2018
Namwala,,,0,2018
Mungwi,,,0,2018
Mumbwa,,,0,2018
Mungwi,,,0,2018
Namwala,,,0,2018
Mumbwa,,,0,2018
Petauke,,,0,2018
Choma,,,0,2018
Mufumbwe,,,0,2018
Mkushi ,,,0,2018
Choma,,,0,2018
Mkushi ,,,0,2018
Choma,,,0,2018
Mkushi ,,,0,2018
Lundazi,,,0,2018
Mufumbwe,,,0,2018
Mkushi ,,,0,2018
Solwezi,,,0,2018
Mungwi,,,0,2018
Solwezi,,,0,2018
Mbala,,,0,2018
Lundazi,,,0,2018
Lundazi,,,0,2018
Choma,,,0,2018
Mpongwe,,,1,2018
Mumbwa,,,0,2018
Mumbwa,,,1,2018
Choma,,,0,2018
Solwezi,,,0,2018
Namwala,,,0,2018
Choma,,,0,2018
Mumbwa,,,0,2018
Mpongwe,,,0,2018
Namwala,,,1,2018
Mkushi ,,,0,2018
Mpongwe,,,0,2018
Solwezi,,,0,2018
Choma,,,0,2018
Mufumbwe,,,0,2018
Lundazi,,,0,2018
Namwala,,,0,2018
Mumbwa,,,0,2018
Masaiti,,,0,2018
Masaiti,,,0,2018
Solwezi,,,1,2018
Namwala,,,0,2018
Mkushi ,,,0,2018
Mkushi ,,,1,2018
Mungwi,,,0,2018
Choma,,,0,2018
Petauke,,,0,2018
Petauke,,,0,2018
Choma,,,0,2018
Mpongwe,,,0,2018
Choma,,,0,2018
Mumbwa,,,0,2018
Masaiti,,,0,2018
Namwala,,,0,2018
Masaiti,,,0,2018
Masaiti,,,0,2018
Choma,,,0,2018
Choma,,,0,2018
Masaiti,,,0,2018
Solwezi,,,0,2018
Namwala,,,0,2018
Mumbwa,,,0,2018
Mkushi ,,,0,2018
Mkushi ,,,0,2018
Namwala,,,0,2018
Choma,,,0,2018
Choma,,,,2018
Mbala,,,0,2018
Mbala,,,0,2018
Masaiti,,,1,2018
Choma,,,0,2018
Mpongwe,,,0,2018
Mpongwe,,,0,2018
Mufumbwe,,,0,2018
Mufumbwe,,,0,2018
Solwezi,,,0,2018
Choma,,,0,2018
Choma,,,0,2018
Masaiti,,,0,2018
Mufumbwe,,,0,2018
Mbala,,,0,2018
Mumbwa,,,0,2018
Petauke,,,0,2018
Mbala,,,0,2018
Mkushi ,,,0,2018
Lundazi,,,0,2018
Choma,,,0,2018
Choma,,,0,2018
Mpongwe,,,0,2018
Mumbwa,,,0,2018
Lundazi,,,0,2018
Solwezi,,,0,2018
Masaiti,,,0,2018
Namwala,,,0,2018
Petauke,,,0,2018
Mungwi,,,0,2018
Lundazi,,,0,2018
Solwezi,,,1,2018
Choma,,,0,2018
Mkushi ,,,0,2018
Mumbwa,,,0,2018
Namwala,,,0,2018
Choma,,,0,2018
Mumbwa,,,0,2018
Mungwi,,,0,2018
Mungwi,,,0,2018
Choma,,,0,2018
Petauke,,,1,2018
Mufumbwe,,,0,2018
Mungwi,,,0,2018
Mungwi,,,1,2018
Choma,,,,2018
Mumbwa,,,0,2018
Namwala,,,0,2018
Mumbwa,,,0,2018
Mumbwa,,,0,2018
Namwala,,,1,2018
Mkushi ,,,0,2018
Mungwi,,,0,2018
Mungwi,,,0,2018
Masaiti,,,1,2018
Mkushi ,,,0,2018
Mumbwa,,,0,2018
Mufumbwe,,,0,2018
Masaiti,,,0,2018
Mumbwa,,,0,2018
Mbala,,,0,2018
Mbala,,,1,2018
Choma,,,0,2018
Choma,,,0,2018
Solwezi,,,0,2018
Mbala,,,0,2018
Choma,,,0,2018
Mkushi ,,,0,2018
Solwezi,,,0,2018
Choma,,,0,2018
Mkushi ,,,0,2018
Solwezi,,,0,2018
Choma,,,0,2018
Masaiti,,,0,2018
Mkushi ,,,0,2018
Namwala,,,0,2018
Mbala,,,0,2018
Mumbwa,,,0,2018
Mumbwa,,,0,2018
Masaiti,,,0,2018
Choma,,,0,2018
Namwala,,,0,2018
Petauke,,,0,2018
Mungwi,,,0,2018
Mbala,,,0,2018
Masaiti,,,0,2018
Choma,,,0,2018
Mumbwa,,,0,2018
Masaiti,,,0,2018
Petauke,,,0,2018
Mumbwa,,,0,2018
Namwala,,,1,2018
Lundazi,,,0,2018
Mkushi ,,,0,2018
Mufumbwe,,,0,2018
Lundazi,,,0,2018
Namwala,,,0,2018
Masaiti,,,0,2018
Choma,,,0,2018
Lundazi,,,0,2018
Namwala,,,0,2018
Mbala,,,0,2018
Mkushi ,,,1,2018
Choma,,,0,2018
Masaiti,,,0,2018
Mpongwe,,,0,2018
Namwala,,,0,2018
Mkushi ,,,0,2018
Choma,,,1,2018
Choma,,,0,2018
Choma,,,0,2018
Mungwi,,,0,2018
Choma,,,0,2018
Namwala,,,0,2018
Mpongwe,,,0,2018
Choma,,,0,2018
Petauke,,,0,2018
Namwala,,,0,2018
Namwala,,,0,2018
Solwezi,,,0,2018
Namwala,,,0,2018
Petauke,,,0,2018
Petauke,,,0,2018
Petauke,,,0,2018
Masaiti,,,0,2018
Mkushi ,,,0,2018
Masaiti,,,0,2018
Mkushi ,,,0,2018
Mufumbwe,,,0,2018
Namwala,,,0,2018
Choma,,,0,2018
Mufumbwe,,,0,2018
Mumbwa,,,0,2018
Lundazi,,,0,2018
Mungwi,,,0,2018
Mufumbwe,,,0,2018
Mkushi ,,,0,2018
Namwala,,,0,2018
Mumbwa,,,0,2018
Mumbwa,,,0,2018
Choma,,,0,2018
Choma,,,0,2018
Choma,,,0,2018
Lundazi,,,0,2018
Masaiti,,,0,2018
Mkushi ,,,0,2018
Mungwi,,,0,2018
Choma,,,0,2018
Mkushi ,,,0,2018
Petauke,,,0,2018
Petauke,,,0,2018
Masaiti,,,0,2018
Choma,,,0,2018
Masaiti,,,1,2018
Lundazi,,,0,2018
Mungwi,,,0,2018
Petauke,,,0,2018
Mufumbwe,,,0,2018
Masaiti,,,0,2018
Lundazi,,,0,2018
Namwala,,,1,2018
Choma,,,0,2018
Mbala,,,0,2018
Mumbwa,,,0,2018
Choma,,,0,2018
Mungwi,,,0,2018
Mpongwe,,,0,2018
Namwala,,,0,2018
Mumbwa,,,0,2018
Mkushi ,,,0,2018
Choma,,,0,2018
Mufumbwe,,,0,2018
Mbala,,,0,2018
Mpongwe,,,0,2018
Mumbwa,,,0,2018
Mungwi,,,0,2018
Choma,,,0,2018
Mumbwa,,,0,2018
Mpongwe,,,1,2018
Mumbwa,,,0,2018
Solwezi,,,0,2018
Mufumbwe,,,0,2018
Lundazi,,,0,2018
Lundazi,,,0,2018
Masaiti,,,0,2018
Mumbwa,,,0,2018
Mungwi,,,0,2018
Namwala,,,0,2018
Solwezi,,,0,2018
Mkushi ,,,0,2018
Mpongwe,,,0,2018
Mpongwe,,,0,2018
Mufumbwe,,,0,2018
Mungwi,,,0,2018
Choma,,,0,2018
Choma,,,0,2018
Namwala,,,0,2018
Mpongwe,,,0,2018
Mungwi,,,0,2018
Mufumbwe,,,0,2018
Solwezi,,,0,2018
Mkushi ,,,0,2018
Petauke,,,0,2018
Namwala,,,0,2018
Namwala,,,0,2018
Petauke,,,0,2018
Choma,,,0,2018
Lundazi,,,0,2018
Lundazi,,,0,2018
Petauke,,,0,2018
Mkushi ,,,0,2018
Mungwi,,,0,2018
Mpongwe,,,0,2018
Mbala,,,0,2018
Mpongwe,,,0,2018
Solwezi,,,0,2018
Solwezi,,,0,2018
Mkushi ,,,0,2018
Mufumbwe,,,0,2018
Masaiti,,,0,2018
Mungwi,,,1,2018
Namwala,,,1,2018
Choma,,,0,2018
Mumbwa,,,0,2018
Mufumbwe,,,0,2018
Petauke,,,0,2018
Mkushi ,,,0,2018
Lundazi,,,0,2018
Choma,,,0,2018
Mungwi,,,1,2018
Mpongwe,,,0,2018
Choma,,,0,2018
Mbala,,,0,2018
Mungwi,,,0,2018
Mkushi ,,,0,2018
Namwala,,,0,2018
Choma,,,0,2018
Mpongwe,,,1,2018
Mungwi,,,1,2018
Mkushi ,,,1,2018
Namwala,,,0,2018
Mumbwa,,,0,2018
Mungwi,,,0,2018
Choma,,,0,2018
Masaiti,,,0,2018
Masaiti,,,0,2018
Petauke,,,0,2018
Petauke,,,0,2018
Choma,,,0,2018
Namwala,,,0,2018
Petauke,,,0,2018
Petauke,,,0,2018
Mumbwa,,,0,2018
Namwala,,,0,2018
Mumbwa,,,0,2018
Namwala,,,0,2018
Solwezi,,,0,2018
Masaiti,,,0,2018
Mbala,,,0,2018
Mungwi,,,0,2018
Choma,,,0,2018
Mbala,,,0,2018
Masaiti,,,0,2018
Masaiti,,,0,2018
Solwezi,,,0,2018
Namwala,,,0,2018
Mumbwa,,,0,2018
Mungwi,,,0,2018
Choma,,,0,2018
Mungwi,,,0,2018
Mungwi,,,1,2018
Choma,,,0,2018
Namwala,,,0,2018
Mungwi,,,1,2018
Choma,,,0,2018
Choma,,,0,2018
Mbala,,,0,2018
Mbala,,,0,2018
Choma,,,0,2018
Solwezi,,,1,2018
Lundazi,,,0,2018
Choma,,,0,2018
Namwala,,,0,2018
Mungwi,,,0,2018
Mungwi,,,0,2018
Mkushi ,,,0,2018
Choma,,,0,2018
Namwala,,,0,2018
Mungwi,,,0,2018
Petauke,,,0,2018
Namwala,,,0,2018
Choma,,,0,2018
Mungwi,,,0,2018
Mbala,,,0,2018
Mumbwa,,,0,2018
Mumbwa,,,0,2018
Choma,,,0,2018
Choma,,,0,2018
Mufumbwe,,,0,2018
Namwala,,,0,2018
Mpongwe,,,0,2018
Namwala,,,0,2018
Mkushi ,,,0,2018
Mufumbwe,,,0,2018
Choma,,,0,2018
Choma,,,0,2018
Lundazi,,,0,2018
Mungwi,,,0,2018
Lundazi,,,0,2018
Namwala,,,0,2018
Mkushi ,,,0,2018
Namwala,,,0,2018
Namwala,,,0,2018
Lundazi,,,0,2018
Namwala,,,0,2018
Solwezi,,,0,2018
Choma,,,0,2018
Petauke,,,0,2018
Lundazi,,,0,2018
Namwala,,,0,2018
Mungwi,,,0,2018
Lundazi,,,0,2018
Namwala,,,0,2018
Mkushi ,,,0,2018
Lundazi,,,0,2018
Choma,,,0,2018
Mbala,,,0,2018
Choma,,,0,2018
Masaiti,,,1,2018
Mungwi,,,0,2018
Mufumbwe,,,0,2018
Choma,,,0,2018
Solwezi,,,0,2018
Masaiti,,,0,2018
Mbala,,,0,2018
Mufumbwe,,,0,2018
Choma,,,0,2018
Mbala,,,0,2018
Mungwi,,,0,2018
Mufumbwe,,,0,2018
Lundazi,,,0,2018
Masaiti,,,0,2018
Petauke,,,0,2018
Mkushi ,,,1,2018
Petauke,,,0,2018
Masaiti,,,1,2018
Mufumbwe,,,0,2018
Mufumbwe,,,0,2018
Mufumbwe,,,0,2018
Choma,,,,2018
Choma,,,0,2018
Mungwi,,,0,2018
Choma,,,0,2018
Choma,,,0,2019
Masaiti,28.65727806091309,,1,2019
Masaiti,28.72461128234863,,0,2019
Petauke,31.46380233764648,,0,2019
Choma,,,0,2019
Mumbwa,26.74408721923828,,0,2019
Solwezi,25.50661277770996,,0,2019
Choma,26.94268798828125,,0,2019
Solwezi,,,0,2019
Mbala,31.23745155334473,,0,2019
Lundazi,,,0,2019
Mkushi ,,,0,2019
Masaiti,28.66161155700684,,0,2019
Mkushi ,29.5781307220459,,0,2019
Choma,26.77922630310059,,0,2019
Mufumbwe,,,0,2019
Mpongwe,,,0,2019
Mkushi ,29.06351661682129,,0,2019
Mufumbwe,25.00137519836426,,0,2019
Mumbwa,27.33071136474609,,0,2019
Choma,26.87472724914551,,0,2019
Choma,,,0,2019
Mungwi,32.31375885009766,,0,2019
Lundazi,32.87685394287109,,0,2019
Mpongwe,,,0,2019
Masaiti,28.66746711730957,,0,2019
Lundazi,33.20078277587891,,0,2019
Mumbwa,26.74459457397461,,0,2019
Masaiti,28.66962432861328,,0,2019
Mpongwe,28.64843368530273,,0,2019
Namwala,,,0,2019
Mkushi ,28.89941787719727,,0,2019
Lundazi,33.33609390258789,,0,2019
Mkushi ,,,0,2019
Mkushi ,28.93661308288574,,1,2019
Mkushi ,29.58490562438965,,0,2019
Choma,,,0,2019
Petauke,31.30844879150391,,0,2019
Mumbwa,26.91973304748535,,0,2019
Mbala,31.23436737060547,,0,2019
Petauke,31.31110191345215,,0,2019
Lundazi,32.87861251831055,,0,2019
Mkushi ,28.90339851379395,,0,2019
Namwala,26.76349830627441,,0,2019
Mkushi ,28.52706146240234,,1,2019
Choma,27.05015563964844,,0,2019
Solwezi,26.16084098815918,,0,2019
Mufumbwe,,,1,2019
Mkushi ,29.4486255645752,,1,2019
Solwezi,,,0,2019
Petauke,31.21392822265625,,0,2019
Lundazi,33.16134643554688,,0,2019
Mpongwe,27.8254337310791,,0,2019
Lundazi,32.8773307800293,,0,2019
Solwezi,26.15950393676758,,0,2019
Mungwi,32.15272521972656,,0,2019
Namwala,,,0,2019
Mufumbwe,25.00030136108398,,0,2019
Solwezi,,,0,2019
Mungwi,,,0,2019
Mpongwe,28.44284820556641,,0,2019
Mbala,31.19558334350586,,0,2019
Mumbwa,,,1,2019
Choma,26.86371421813965,,0,2019
Choma,27.24214363098145,,0,2019
Mpongwe,28.37459945678711,,0,2019
Petauke,31.19108200073242,,0,2019
Mumbwa,26.75796127319336,,1,2019
Lundazi,,,0,2019
Choma,26.95858001708984,,0,2019
Solwezi,25.50699996948242,,0,2019
Mungwi,,,0,2019
Petauke,31.1689281463623,,0,2019
Mungwi,,,0,2019
Choma,26.79395294189453,,0,2019
Mumbwa,26.72653198242188,,0,2019
Mufumbwe,25.00470352172852,,0,2019
Mungwi,,,0,2019
Choma,26.87266540527344,,1,2019
Masaiti,,,0,2019
Namwala,,,0,2019
Masaiti,28.67886924743652,,0,2019
Solwezi,,,0,2019
Choma,,,0,2019
Mumbwa,26.92917823791504,,0,2019
Choma,26.78896713256836,,0,2019
Mumbwa,27.35776710510254,,0,2019
Namwala,,,0,2019
Mufumbwe,,,0,2019
Mungwi,32.15250778198242,,0,2019
Mufumbwe,24.84475326538086,,0,2019
Mkushi ,,,0,2019
Mkushi ,,,0,2019
Mpongwe,27.92955780029297,,0,2019
Petauke,31.4799861907959,,0,2019
Mpongwe,27.82933616638184,,0,2019
Mungwi,32.15301132202148,,0,2019
Lundazi,32.83955001831055,,0,2019
Mkushi ,29.06772613525391,,0,2019
Mungwi,32.25153350830078,,0,2019
Mufumbwe,,,0,2019
Choma,,,0,2019
Mbala,31.25628280639648,,0,2019
Masaiti,,,0,2019
Mufumbwe,,,0,2019
Solwezi,26.16122817993164,,0,2019
Lundazi,33.33195114135742,,0,2019
Lundazi,,,0,2019
Mbala,,,0,2019
Lundazi,33.32480239868164,,0,2019
Choma,26.97376823425293,,0,2019
Mungwi,,,0,2019
Lundazi,32.83861541748047,,0,2019
Choma,26.96967315673828,,0,2019
Mbala,31.67836570739746,,0,2019
Mkushi ,29.57270622253418,,0,2019
Choma,26.8028564453125,,0,2019
Mkushi ,,,0,2019
Namwala,26.51875877380371,,0,2019
Lundazi,33.16733551025391,,0,2019
Lundazi,33.03497314453125,,0,2019
Petauke,,,0,2019
Mpongwe,,,1,2019
Mbala,,,0,2019
Mkushi ,29.37592315673828,,0,2019
Lundazi,,,0,2019
Mpongwe,28.64254188537598,,0,2019
Mungwi,,,0,2019
Solwezi,26.75332069396973,,0,2019
Choma,26.86538124084473,,0,2019
Choma,26.85990142822266,,0,2019
Mumbwa,26.93098640441895,,0,2019
Mkushi ,28.93415832519531,,0,2019
Mumbwa,,,0,2019
Choma,,,0,2019
Solwezi,26.77469825744629,,1,2019
Mungwi,,,0,2019
Choma,,,0,2019
Solwezi,,,0,2019
Namwala,26.9373950958252,,0,2019
Mufumbwe,,,0,2019
Namwala,26.93478584289551,,0,2019
Mumbwa,,,0,2019
Mkushi ,,,0,2019
Mbala,31.66940116882324,,0,2019
Masaiti,28.63968086242676,,0,2019
Mbala,31.23433494567871,,0,2019
Masaiti,28.63700485229492,,0,2019
Mumbwa,,,0,2019
Masaiti,28.65905570983887,,0,2019
Mungwi,32.24449157714844,,0,2019
Lundazi,32.8563232421875,,0,2019
Mungwi,31.94856071472168,,0,2019
Choma,26.79095840454102,,0,2019
Namwala,,,0,2019
Solwezi,,,0,2019
Mkushi ,,,0,2019
Namwala,,,0,2019
Choma,26.97427368164063,,0,2019
Mufumbwe,,,0,2019
Namwala,,,0,2019
Mungwi,31.9397144317627,,1,2019
Mungwi,32.15227890014648,,0,2019
Mbala,31.65932273864746,,0,2019
Choma,,,0,2019
Mkushi ,28.92523384094238,,1,2019
Petauke,31.31270217895508,,0,2019
Solwezi,,,0,2019
Choma,27.27167129516602,,0,2019
Choma,,,0,2019
Mungwi,32.18722915649414,,0,2019
Petauke,,,0,2019
Choma,,,0,2019
Mumbwa,,,0,2019
Lundazi,31.46987152099609,,0,2019
Mbala,31.19731330871582,,0,2019
Choma,27.09846687316895,,0,2019
Petauke,31.46572494506836,,0,2019
Mkushi ,28.91157341003418,,0,2019
Mufumbwe,24.80890274047852,,0,2019
Mumbwa,,,0,2019
Mumbwa,26.92028617858887,,0,2019
Mungwi,32.25228881835938,,0,2019
Mpongwe,28.39294052124023,,0,2019
Choma,,,0,2019
Mufumbwe,,,0,2019
Mumbwa,26.95675849914551,,0,2019
Petauke,,,0,2019
Mungwi,,,0,2019
Namwala,,,0,2019
Mbala,31.19716453552246,,0,2019
Masaiti,28.68844985961914,,0,2019
Mufumbwe,24.8552417755127,,0,2019
Choma,26.98354530334473,,0,2019
Mungwi,,,0,2019
Choma,,,0,2019
Masaiti,28.66701889038086,,0,2019
Choma,,,0,2019
Mumbwa,,,0,2019
Mpongwe,28.64627075195313,,1,2019
Namwala,26.6715145111084,,0,2019
Mkushi ,29.44491386413574,,0,2019
Mpongwe,28.38607978820801,,1,2019
Choma,,,0,2019
Mbala,,,0,2019
Mkushi ,29.05889511108398,,0,2019
Mkushi ,29.0617847442627,,0,2019
Mungwi,32.26064300537109,,0,2019
Choma,27.09486961364746,,0,2019
Mufumbwe,,,0,2019
Masaiti,28.66403770446777,,0,2019
Masaiti,28.67973899841309,,0,2019
Mumbwa,26.7560863494873,,0,2019
Namwala,,,0,2019
Choma,27.10159111022949,,0,2019
Choma,27.30096244812012,,0,2019
Namwala,,,1,2019
Mufumbwe,,,1,2019
Namwala,,,0,2019
Choma,26.93771934509277,,0,2019
Mumbwa,,,0,2019
Lundazi,,,0,2019
Namwala,,,1,2019
Choma,,,0,2019
Mkushi ,29.45200157165527,,1,2019
Choma,26.54698181152344,,0,2019
Mpongwe,27.82832908630371,,0,2019
Namwala,,,0,2019
Mbala,,,0,2019
Mpongwe,28.64858818054199,,0,2019
Masaiti,,,0,2019
Lundazi,,,0,2019
Mbala,,,0,2019
Namwala,,,0,2019
Masaiti,28.67784118652344,,0,2019
Solwezi,26.7756519317627,,0,2019
Mufumbwe,,,1,2019
Mbala,,,0,2019
Namwala,,,0,2019
Namwala,,,0,2019
Mungwi,32.2628288269043,,0,2019
Mumbwa,26.74607849121094,,0,2019
Choma,27.10349464416504,,0,2019
Masaiti,28.73138999938965,,0,2019
Choma,27.30587387084961,,0,2019
Petauke,31.31986045837402,,0,2019
Choma,27.1125602722168,,0,2019
Masaiti,28.65938568115234,,0,2019
Petauke,31.17920875549316,,0,2019
Choma,,,0,2019
Choma,,,0,2019
Choma,26.85990142822266,,0,2019
Choma,,,0,2019
Mkushi ,29.06491470336914,,0,2019
Masaiti,28.65385627746582,,0,2019
Mungwi,32.24228668212891,,0,2019
Mpongwe,28.66952705383301,,0,2019
Petauke,31.1799430847168,,0,2019
Choma,,,0,2019
Mbala,31.53915214538574,,0,2019
Mbala,,,0,2019
Masaiti,,,0,2019
Choma,26.42051887512207,,0,2019
Mungwi,,,0,2019
Choma,27.11397361755371,,0,2019
Choma,26.76899719238281,,0,2019
Mbala,31.52754402160645,,0,2019
Mbala,31.2390022277832,,0,2019
Choma,,,0,2019
Namwala,,,0,2019
Mungwi,32.15093994140625,,0,2019
Choma,27.26850128173828,,0,2019
Choma,,,0,2019
Lundazi,32.873779296875,,0,2019
Mbala,31.66579627990723,,0,2019
Mkushi ,28.94156837463379,,1,2019
Mungwi,,,0,2019
Choma,26.96138191223145,,0,2019
Mpongwe,,,0,2019
Mufumbwe,,,0,2019
Petauke,31.17766571044922,,0,2019
Lundazi,33.04301834106445,,0,2019
Choma,26.83012580871582,,0,2019
Masaiti,28.64020919799805,,0,2019
Choma,26.86429214477539,,0,2019
Petauke,31.30906295776367,,0,2019
Choma,27.06887626647949,,0,2019
Mufumbwe,,,0,2019
Masaiti,28.65548133850098,,1,2019
Mufumbwe,,,0,2019
Mufumbwe,,,0,2019
Choma,,,0,2019
Choma,27.30693435668945,,0,2019
Mkushi ,29.57851028442383,,0,2019
Mbala,31.52758407592773,,0,2019
Choma,,,0,2019
Choma,26.85512161254883,,0,2019
Petauke,31.31025695800781,,0,2019
Choma,27.30688285827637,,0,2019
Petauke,31.16304016113281,,0,2019
Mumbwa,,,0,2019
Choma,26.95659255981445,,0,2019
Choma,27.0945873260498,,0,2019
Mpongwe,,,0,2019
Mumbwa,26.75494766235352,,0,2019
Mpongwe,28.42060089111328,,0,2019
Petauke,31.18106842041016,,0,2019
Choma,26.99056816101074,,0,2019
Masaiti,28.67505264282227,,0,2019
Petauke,31.21033668518066,,0,2019
Solwezi,26.74532508850098,,0,2019
Mkushi ,29.42906188964844,,0,2019
Mumbwa,26.9282169342041,,0,2019
Mungwi,31.94148445129395,,0,2019
Mbala,31.54339027404785,,0,2019
Solwezi,,,1,2019
Solwezi,26.77636337280273,,0,2019
Mumbwa,,,0,2019
Mungwi,,,0,2019
Mpongwe,,,0,2019
Mbala,31.19232177734375,,0,2019
Solwezi,26.77515029907227,,0,2019
Choma,27.25541305541992,,0,2019
Choma,,,0,2019
Mufumbwe,,,0,2019
Choma,,,0,2019
Mufumbwe,,,0,2019
Masaiti,28.65366554260254,,1,2019
Masaiti,,,0,2019
Mumbwa,26.73859024047852,,1,2019
Lundazi,33.95224380493164,,0,2019
Mungwi,32.25203323364258,,0,2019
Namwala,,,0,2019
Mkushi ,29.58400344848633,,0,2019
Mkushi ,29.56682014465332,,0,2019
Masaiti,28.67731666564941,,0,2019
Mkushi ,,,0,2019
Mpongwe,27.93593406677246,,0,2019
Lundazi,32.88096618652344,,0,2019
Lundazi,32.87588882446289,,0,2019
Petauke,31.1620979309082,,0,2019
Petauke,,,0,2019
Mbala,31.23590278625488,,0,2019
Solwezi,25.83360862731934,,0,2019
Namwala,,,0,2019
Namwala,26.71296691894531,,0,2019
Namwala,26.73864555358887,,0,2019
Masaiti,,,0,2019
Choma,27.08626747131348,,0,2019
Solwezi,26.75273323059082,,0,2019
Mpongwe,,,0,2019
Mpongwe,27.93567085266113,,0,2019
Solwezi,,,0,2019
Masaiti,28.67682266235352,,1,2019
Mpongwe,,,0,2019
Namwala,26.7342472076416,,0,2019
Choma,26.78833389282227,,0,2019
Namwala,,,1,2019
Lundazi,33.04183197021484,,0,2019
Choma,27.09006881713867,,0,2019
Choma,,,0,2019
Mufumbwe,,,0,2019
Namwala,,,0,2019
Mpongwe,28.37470054626465,,0,2019
Masaiti,28.66766166687012,,0,2019
Mpongwe,27.92134666442871,,0,2019
Choma,26.83465957641602,,0,2019
Masaiti,28.6733570098877,,1,2019
Lundazi,33.32537460327148,,0,2019
Lundazi,33.20044708251953,,0,2019
Masaiti,28.72564506530762,,0,2019
Mpongwe,,,0,2019
Choma,26.93572044372559,,0,2019
Choma,26.85531616210938,,0,2019
Mumbwa,27.05918502807617,,0,2019
Lundazi,33.32692337036133,,0,2019
Mumbwa,,,0,2019
Mufumbwe,24.36297988891602,,0,2019
Namwala,,,0,2019
Mumbwa,27.0582103729248,,0,2019
Mungwi,,,0,2019
Mpongwe,,,0,2019
Mungwi,,,0,2019
Mumbwa,27.34544372558594,,0,2019
Choma,26.7502384185791,,0,2019
Mkushi ,29.04491806030273,,1,2019
Namwala,26.71319389343262,,0,2019
Mufumbwe,25.00172233581543,,0,2019
Mbala,,,0,2019
Petauke,31.45930480957031,,0,2019
Lundazi,33.33444976806641,,0,2019
Mumbwa,27.33828735351563,,0,2019
Choma,26.88509178161621,,0,2019
Mpongwe,,,0,2019
Namwala,,,0,2019
Mbala,31.23516464233398,,0,2019
Namwala,,,0,2019
Mpongwe,,,0,2019
Mungwi,,,0,2019
Mbala,31.66880035400391,,0,2019
Namwala,26.51487731933594,,1,2019
Mkushi ,29.57658386230469,,0,2019
Mungwi,31.94628524780273,,0,2019
Mumbwa,26.95461082458496,,0,2019
Masaiti,28.64971160888672,,0,2019
Mufumbwe,,,0,2019
Namwala,,,0,2019
Petauke,31.0993824005127,,0,2019
Mungwi,32.26638031005859,,1,2019
Mbala,31.67705154418945,,0,2019
Choma,26.95644187927246,,0,2019
Mufumbwe,,,0,2019
Choma,,,0,2019
Namwala,,,1,2019
Lundazi,33.03413009643555,,0,2019
Solwezi,25.00238990783691,,0,2019
Lundazi,,,0,2019
Choma,27.0502758026123,,0,2019
Namwala,,,1,2019
Masaiti,28.6627025604248,,0,2019
Mumbwa,,,0,2019
Mumbwa,,,0,2019
Lundazi,33.20336151123047,,0,2019
Namwala,,,0,2019
Choma,27.08879852294922,,0,2019
Mpongwe,,,0,2019
Mungwi,31.9465217590332,,0,2019
Namwala,,,0,2019
Petauke,31.09354209899902,,0,2019
Choma,26.95940208435059,,0,2019
Petauke,31.21642112731934,,0,2019
Mumbwa,,,1,2019
Solwezi,,,1,2019
Mkushi ,29.45206451416016,,0,2019
Mpongwe,,,0,2019
Mungwi,,,1,2019
Mumbwa,,,0,2019
Namwala,,,0,2019
Namwala,26.92936515808105,,0,2019
Mkushi ,29.58341407775879,,0,2019
Mufumbwe,24.86843872070313,,0,2019
Mumbwa,26.94832420349121,,0,2019
Mkushi ,,,0,2019
Mumbwa,,,0,2019
Mbala,31.6586742401123,,0,2019
Petauke,31.21611976623535,,0,2019
Choma,,,0,2019
Mumbwa,26.95402526855469,,0,2019
Namwala,,,0,2019
Choma,27.27393531799316,,0,2019
Mbala,31.52689170837402,,0,2019
Namwala,26.51186943054199,,1,2019
Namwala,,,0,2019
Choma,26.87591743469238,,0,2019
Mungwi,,,0,2019
Choma,,,0,2019
Namwala,,,0,2019
Petauke,,,0,2019
Mpongwe,,,0,2019
Mungwi,32.15305709838867,,0,2019
Mpongwe,,,1,2019
Choma,27.29347610473633,,0,2019
Mumbwa,,,0,2019
Choma,,,0,2019
Mkushi ,29.37667846679688,,0,2019
Choma,27.31463813781738,,0,2019
Choma,,,0,2019
Choma,27.97959136962891,,0,2019
Mumbwa,,,1,2019
Mkushi ,,,0,2019
Mpongwe,,,1,2019
Mungwi,32.25704956054688,,0,2019
Mbala,31.21661949157715,,0,2019
Choma,,,0,2019
Mpongwe,28.37980079650879,,0,2019
Mkushi ,29.42296600341797,,0,2019
Mufumbwe,,,0,2019
Mumbwa,,,0,2019
Choma,27.2917537689209,,0,2019
Lundazi,33.04280090332031,,0,2019
Namwala,,,0,2019
Mufumbwe,,,0,2019
Mbala,31.2305908203125,,0,2019
Choma,,,0,2019
Choma,26.83396339416504,,0,2019
Mbala,31.67972564697266,,0,2019
Masaiti,,,0,2019
Choma,26.8652286529541,,0,2019
Mungwi,31.9387092590332,,1,2019
Mumbwa,,,0,2019
Mungwi,31.93930435180664,,0,2019
Petauke,31.31872367858887,,0,2019
Namwala,26.77861213684082,,0,2019
Masaiti,28.62105178833008,,1,2019
Mpongwe,,,0,2019
Mungwi,32.24221420288086,,0,2019
Mkushi ,29.57857131958008,,0,2019
Mufumbwe,,,0,2019
Petauke,31.46466064453125,,0,2019
Masaiti,28.69878005981445,,0,2019
Lundazi,33.04226684570313,,0,2019
Mumbwa,,,0,2019
Choma,26.95060920715332,,0,2019
Petauke,,,0,2019
Lundazi,32.85630035400391,,0,2019
Masaiti,28.67312622070313,,0,2019
Choma,27.09383964538574,,0,2019
Petauke,31.20673751831055,,0,2019
Mumbwa,26.91488647460938,,0,2019
Choma,27.26406478881836,,0,2019
Mungwi,,,0,2019
Choma,27.28540229797363,,0,2019
Mungwi,,,0,2019
Mkushi ,29.41579246520996,,0,2019
Mbala,31.67816543579102,,1,2019
Mbala,,,0,2019
Choma,27.05547523498535,,0,2019
Mungwi,,,0,2019
Solwezi,26.17020988464355,,0,2019
Mumbwa,26.91968154907227,,0,2019
Namwala,,,0,2019
Mbala,,,0,2019
Choma,,,0,2019
Solwezi,,,1,2019
Namwala,26.69017028808594,,0,2019
Mufumbwe,25.00470352172852,,0,2019
Choma,27.13552665710449,,0,2019
Choma,26.79988670349121,,0,2019
Choma,,,0,2019
Choma,,,0,2019
Petauke,31.48100090026855,,1,2019
Mkushi ,29.40285873413086,,0,2019
Masaiti,28.65603256225586,,1,2019
Mkushi ,,,1,2019
Masaiti,28.67172050476074,,0,2019
Namwala,26.73423767089844,,0,2019
Lundazi,,,0,2019
Namwala,26.73513793945313,,0,2019
Mbala,31.53555297851563,,0,2019
Petauke,31.16066741943359,,0,2019
Choma,27.29709815979004,,0,2019
Mkushi ,29.58378028869629,,0,2019
Choma,,,0,2019
Mumbwa,,,0,2019
Masaiti,28.68610000610352,,0,2019
Namwala,,,0,2019
Lundazi,,,0,2019
Masaiti,28.69437026977539,,0,2019
Petauke,31.3089427947998,,0,2019
Mbala,,,0,2019
Petauke,31.21689033508301,,0,2019
Lundazi,33.03267669677734,,0,2019
Choma,27.3100757598877,,0,2019
Mumbwa,27.332763671875,,0,2019
Mungwi,,,0,2019
Choma,26.93985557556152,,0,2019
Solwezi,25.48850059509277,,0,2019
Mpongwe,,,0,2019
Mumbwa,26.92641639709473,,0,2019
Petauke,31.21500968933105,,0,2019
Lundazi,32.87749481201172,,0,2019
Mkushi ,,,0,2019
Choma,26.98332786560059,,0,2019
Mufumbwe,,,0,2019
Mpongwe,,,0,2019
Lundazi,33.20425415039063,,0,2019
Solwezi,,,1,2019
Mkushi ,,,0,2019
Mufumbwe,24.84308242797852,,0,2019
Choma,26.95673942565918,,0,2019
Namwala,26.71346664428711,,0,2019
Choma,,,0,2019
Masaiti,,,0,2019
Mpongwe,27.92005920410156,,0,2019
Choma,26.8569507598877,,0,2019
Choma,27.06664657592773,,0,2019
Mbala,31.65655708312988,,0,2019
Masaiti,28.65957450866699,,1,2019
Namwala,,,0,2019
Masaiti,28.65020942687988,,1,2019
Mpongwe,27.9342155456543,,0,2019
Mpongwe,,,0,2019
Solwezi,26.7506103515625,,0,2019
Choma,26.94188499450684,,0,2019
Lundazi,33.33264541625977,,0,2019
Choma,27.11728858947754,,0,2019
Lundazi,33.02852630615234,,0,2019
Choma,27.0603141784668,,0,2019
Choma,,,0,2019
Choma,,,0,2019
Namwala,,,0,2019
Lundazi,32.8756103515625,,0,2019
Mumbwa,,,0,2019
Namwala,,,1,2019
Mufumbwe,,,0,2019
Choma,26.93561744689941,,0,2019
Mpongwe,,,0,2019
Mkushi ,,,0,2019
Mungwi,,,0,2019
Mufumbwe,24.81647491455078,,0,2019
Petauke,31.30938148498535,,0,2019
Mumbwa,,,1,2019
Mbala,31.6658821105957,,0,2019
Mufumbwe,,,0,2019
Mungwi,,,0,2019
Petauke,31.21754455566406,,0,2019
Choma,26.78350448608398,,0,2019
Mbala,,,0,2019
Mumbwa,,,0,2019
Mungwi,,,0,2019
Masaiti,,,1,2019
Petauke,31.22079086303711,,1,2019
Namwala,,,1,2019
Choma,,,0,2019
Mkushi ,29.06052017211914,,0,2019
Choma,26.80273246765137,,0,2019
Choma,,,0,2019
Petauke,31.48156547546387,,0,2019
Mumbwa,26.76988792419434,,0,2019
Namwala,,,0,2019
Mungwi,,,0,2019
Mufumbwe,,,0,2019
Mbala,31.19334602355957,,0,2019
Mungwi,32.18888854980469,,0,2019
Solwezi,26.775634765625,,1,2019
Choma,27.10928726196289,,0,2019
Lundazi,33.16273498535156,,0,2019
Mumbwa,,,0,2019
Mbala,,,0,2019
Mbala,31.53785133361816,,0,2019
Mkushi ,29.42376899719238,,0,2019
Mkushi ,,,0,2019
Mungwi,31.52651977539063,,0,2019
Mbala,31.23251914978027,,0,2019
Choma,27.09375190734863,,0,2019
Mbala,,,0,2019
Solwezi,26.17594528198242,,0,2019
Mumbwa,,,0,2019
Mbala,31.19515419006348,,0,2019
Mufumbwe,24.81455993652344,,0,2019
Choma,,,0,2019
Mkushi ,,,0,2019
Masaiti,,,0,2019
Mpongwe,28.44353675842285,,0,2019
Mkushi ,29.37495040893555,,0,2019
Mungwi,,,0,2019
Lundazi,33.33506393432617,,0,2019
Mufumbwe,,,0,2019
Masaiti,28.68251609802246,,1,2019
Petauke,31.31176376342773,,0,2019
Mbala,,,0,2019
Mbala,31.19463920593262,,0,2019
Mkushi ,29.57725143432617,,0,2019
Mufumbwe,25.00158882141113,,0,2019
Petauke,31.38431549072266,,0,2019
Mkushi ,,,0,2019
Mkushi ,29.06276702880859,,0,2019
Mkushi ,,,0,2019
Masaiti,28.68929862976074,,0,2019
Solwezi,25.88361167907715,,1,2019
Lundazi,33.32665252685547,,0,2019
Choma,29.95849418640137,,0,2019
Solwezi,26.14020919799805,,0,2019
Mpongwe,,,1,2019
Namwala,26.68086624145508,,0,2019
Mbala,,,0,2019
Mufumbwe,24.85635185241699,,0,2019
Choma,,,0,2019
Namwala,26.71304702758789,,0,2019
Mungwi,,,0,2019
Mkushi ,29.06762886047363,,0,2019
Lundazi,32.87671279907227,,0,2019
Choma,,,0,2019
Petauke,31.44130325317383,,0,2019
Solwezi,26.17145919799805,,0,2019
Solwezi,26.77480506896973,,1,2019
Petauke,,,0,2019
Masaiti,28.70198059082031,,0,2019
Namwala,26.77878761291504,,0,2019
Namwala,,,0,2019
Mufumbwe,25.00402641296387,,0,2019
Petauke,31.21688652038574,,0,2019
Masaiti,28.67477035522461,,1,2019
Namwala,,,0,2019
Mungwi,31.64898872375488,,1,2019
Mungwi,31.94996452331543,,1,2019
Mungwi,32.15373229980469,,0,2019
Namwala,,,0,2019
Masaiti,28.67119789123535,,0,2019
Lundazi,32.84201049804688,,0,2019
Mungwi,31.94699287414551,,0,2019
Mungwi,,,0,2019
Choma,26.94847679138184,,0,2019
Mufumbwe,,,0,2019
Petauke,31.22079086303711,,0,2019
Mkushi ,28.90078926086426,,0,2019
Masaiti,28.67725944519043,,0,2019
Mbala,,,0,2019
Namwala,26.70432281494141,,0,2019
Mumbwa,,,0,2019
Mbala,,,0,2019
Mumbwa,26.93048858642578,,1,2019
Mpongwe,27.9282283782959,,0,2019
Mbala,,,0,2019
Mungwi,31.94712066650391,,0,2019
Mufumbwe,24.86754035949707,,0,2019
Lundazi,32.8390007019043,,0,2019
Petauke,31.21710777282715,,0,2019
Lundazi,33.33140563964844,,0,2019
Masaiti,,,1,2019
Lundazi,,,0,2019
Masaiti,,,1,2019
Masaiti,28.73162269592285,,0,2019
Lundazi,,,0,2019
Namwala,,,0,2019
Lundazi,33.03410720825195,,0,2019
Mufumbwe,,,0,2019
Choma,,,0,2019
Lundazi,33.20376968383789,,0,2019
Mkushi ,,,0,2019
Mpongwe,27.92881965637207,,0,2019
Namwala,,,0,2019
Mkushi ,,,0,2019
Mufumbwe,25.00100326538086,,0,2019
Mbala,31.21611976623535,,0,2019
Masaiti,28.68011093139648,,0,2019
Mufumbwe,,,0,2019
Masaiti,28.72053337097168,,0,2019
Mungwi,,,0,2019
Mpongwe,28.4041862487793,,0,2019
Mufumbwe,,,0,2019
Mpongwe,28.38508033752441,,1,2019
Choma,26.82002067565918,,0,2019
Mungwi,31.94024467468262,,0,2019
Mungwi,32.25320434570313,,0,2019
Mumbwa,,,0,2019
Mungwi,32.27350234985352,,0,2019
Choma,,,0,2019
Mufumbwe,,,1,2019
Choma,26.80511474609375,,0,2019
Mumbwa,27.35956001281738,,0,2019
Petauke,31.44540023803711,,0,2019
Lundazi,,,0,2019
Namwala,26.93411064147949,,0,2019
Choma,,,0,2019
